date,date_str,day_of_week,open_time,close_time,open,high,low,close,true_volatility_pct,direction,upward_vol_pct,downward_vol_pct,net_change_pct,range_abs,data_points
2024-05-26,2024-05-26,Sunday,2024-05-26 18:00:00+00:00,2024-05-27 12:00:00+00:00,68808.16,69298.0,68128.01,68475.97,0.9884728787981087,down,0.7118923104468954,0.9884728787981087,-0.48277704272284316,1169.9900000000052,1081
2024-05-27,2024-05-27,Monday,2024-05-27 18:00:00+00:00,2024-05-28 12:00:00+00:00,70219.7,70250.0,67486.65,68378.48,3.892141379128653,down,0.043150284037104844,3.892141379128653,-2.6220846856366538,2763.350000000006,1081
2024-05-28,2024-05-28,Tuesday,2024-05-28 18:00:00+00:00,2024-05-29 12:00:00+00:00,67840.0,68935.68,67277.91,67819.16,1.6150943396226314,up,1.6150943396226314,0.8285524764150892,-0.03071933962263636,1657.7699999999895,1081
2024-05-29,2024-05-29,Wednesday,2024-05-29 18:00:00+00:00,2024-05-30 12:00:00+00:00,67586.57,68422.89,67128.0,67770.0,1.2374055969995108,up,1.2374055969995108,0.678492783403577,0.2714000725291918,1294.8899999999994,1081
2024-05-30,2024-05-30,Thursday,2024-05-30 18:00:00+00:00,2024-05-31 12:00:00+00:00,69386.93,69420.0,67876.0,68339.57,2.177542658249894,down,0.04766027261907536,2.177542658249894,-1.509448537354205,1544.0,1081
2024-05-31,2024-05-31,Friday,2024-05-31 18:00:00+00:00,2024-06-01 12:00:00+00:00,67350.75,67999.0,67170.0,67652.02,0.9624985616344287,up,0.9624985616344287,0.2683711762675249,0.4473149890684277,829.0,1081
2024-06-01,2024-06-01,Saturday,2024-06-01 18:00:00+00:00,2024-06-02 12:00:00+00:00,67821.73,68320.08,67367.2,68287.99,0.7347939959656085,up,0.7347939959656085,0.6701834353090061,0.6874787770822263,952.8800000000047,1081
2024-06-02,2024-06-02,Sunday,2024-06-02 18:00:00+00:00,2024-06-03 12:00:00+00:00,67791.99,69333.0,67257.47,69084.97,2.27314465912565,up,2.27314465912565,0.7884707323092359,1.9072754760554984,2075.529999999999,1081
2024-06-03,2024-06-03,Monday,2024-06-03 18:00:00+00:00,2024-06-04 12:00:00+00:00,69306.56,69509.38,68567.32,68963.34,1.066623419197246,down,0.2926418509301385,1.066623419197246,-0.4952200772913865,942.0599999999977,1081
2024-06-04,2024-06-04,Tuesday,2024-06-04 18:00:00+00:00,2024-06-05 12:00:00+00:00,70618.13,71379.21,70092.5,70960.0,1.0777402346961067,up,1.0777402346961067,0.744327271197927,0.4841108083717245,1286.7100000000064,1081
2024-06-05,2024-06-05,Wednesday,2024-06-05 18:00:00+00:00,2024-06-06 12:00:00+00:00,71676.53,71748.22,70700.0,71132.94,1.3624124940200075,down,0.10001879276243189,1.3624124940200075,-0.7583932983362845,1048.2200000000012,1081
2024-06-06,2024-06-06,Thursday,2024-06-06 18:00:00+00:00,2024-06-07 12:00:00+00:00,71102.26,71800.0,70117.64,71764.96,1.3847942386078802,down,0.9813190185515976,1.3847942386078802,0.932037884590464,1682.3600000000006,1081
2024-06-07,2024-06-07,Friday,2024-06-07 18:00:00+00:00,2024-06-08 12:00:00+00:00,69633.2,69887.99,68420.0,69346.04,1.7422723643319524,down,0.3659030462480658,1.7422723643319524,-0.4123894923685878,1467.9900000000052,1081
2024-06-08,2024-06-08,Saturday,2024-06-08 18:00:00+00:00,2024-06-09 12:00:00+00:00,69445.78,69490.0,69130.24,69367.69,0.4543688615780449,down,0.06367557539133575,0.4543688615780449,-0.11244743741087868,359.75999999999476,1081
2024-06-09,2024-06-09,Sunday,2024-06-09 18:00:00+00:00,2024-06-10 12:00:00+00:00,69656.54,69857.14,69172.29,69475.12,0.6951967467807044,down,0.28798444482026503,0.6951967467807044,-0.2604493418708398,684.8500000000058,1081
2024-06-10,2024-06-10,Monday,2024-06-10 18:00:00+00:00,2024-06-11 12:00:00+00:00,70046.81,70141.1,66732.0,66883.93,4.7322783150296175,down,0.13460998438045665,4.7322783150296175,-4.51538050055385,3409.100000000006,1081
2024-06-11,2024-06-11,Tuesday,2024-06-11 18:00:00+00:00,2024-06-12 12:00:00+00:00,66800.51,68059.01,66652.39,67739.77,1.8839676523427742,up,1.8839676523427742,0.22173483406039166,1.4060671093678916,1406.6199999999953,1081
2024-06-12,2024-06-12,Wednesday,2024-06-12 18:00:00+00:00,2024-06-13 12:00:00+00:00,69280.0,69808.47,66969.98,67716.01,3.3343244803695207,down,0.7628031177829117,3.3343244803695207,-2.2574913394919247,2838.4900000000052,1081
2024-06-13,2024-06-13,Thursday,2024-06-13 18:00:00+00:00,2024-06-14 12:00:00+00:00,66851.05,67256.32,66480.0,67036.87,0.6062283240128674,up,0.6062283240128674,0.5550398984010018,0.27796122873162415,776.320000000007,1081
2024-06-14,2024-06-14,Friday,2024-06-14 18:00:00+00:00,2024-06-15 12:00:00+00:00,65393.99,66627.52,65078.0,66328.0,1.8863048423869015,up,1.8863048423869015,0.4832095426506288,1.428281100449754,1549.520000000004,1081
2024-06-15,2024-06-15,Saturday,2024-06-15 18:00:00+00:00,2024-06-16 12:00:00+00:00,66218.75,66770.0,65857.1,66488.24,0.8324681453515809,up,0.8324681453515809,0.546144407739491,0.4069693251533822,912.8999999999942,1081
2024-06-16,2024-06-16,Sunday,2024-06-16 18:00:00+00:00,2024-06-17 12:00:00+00:00,66606.65,66998.7,65556.0,65827.9,1.5773950498936582,down,0.5886048915536256,1.5773950498936582,-1.1691775520912704,1442.699999999997,1081
2024-06-17,2024-06-17,Monday,2024-06-17 18:00:00+00:00,2024-06-18 12:00:00+00:00,66579.99,67298.81,64569.0,65401.99,3.020411988647047,down,1.0796336857364988,3.020411988647047,-1.7693003558576792,2729.8099999999977,1081
2024-06-18,2024-06-18,Tuesday,2024-06-18 18:00:00+00:00,2024-06-19 12:00:00+00:00,64562.01,65727.54,64060.0,65188.0,1.8052876606536747,up,1.8052876606536747,0.7775625325171909,0.9695949676907487,1667.5399999999936,1081
2024-06-19,2024-06-19,Wednesday,2024-06-19 18:00:00+00:00,2024-06-20 12:00:00+00:00,65072.02,66482.94,64666.0,66198.14,2.1682437397824836,up,2.1682437397824836,0.6239548119145477,1.730574830779808,1816.9400000000023,1081
2024-06-20,2024-06-20,Thursday,2024-06-20 18:00:00+00:00,2024-06-21 12:00:00+00:00,64980.01,65217.21,63522.75,63764.72,2.2426281559513486,down,0.3650353393297371,2.2426281559513486,-1.870252097529688,1694.4599999999991,1081
2024-06-21,2024-06-21,Friday,2024-06-21 18:00:00+00:00,2024-06-22 12:00:00+00:00,63703.98,64546.81,63648.02,64277.47,1.323041354715976,up,1.323041354715976,0.08784380504955326,0.9002420256944668,898.7900000000009,1081
2024-06-22,2024-06-22,Saturday,2024-06-22 18:00:00+00:00,2024-06-23 12:00:00+00:00,64250.71,64521.0,64218.5,64341.45,0.42068017614124553,up,0.42068017614124553,0.05013174173483707,0.14122801133247861,302.5,1081
2024-06-23,2024-06-23,Sunday,2024-06-23 18:00:00+00:00,2024-06-24 12:00:00+00:00,64119.99,64187.62,60567.01,61250.85,5.541142473665383,down,0.10547412749129352,5.541142473665383,-4.474641995421396,3620.6100000000006,1081
2024-06-24,2024-06-24,Monday,2024-06-24 18:00:00+00:00,2024-06-25 12:00:00+00:00,60260.0,61598.87,58402.0,61175.54,3.0833056754065713,down,2.2218221042150725,3.0833056754065713,1.5193162960504496,3196.8700000000026,1081
2024-06-25,2024-06-25,Tuesday,2024-06-25 18:00:00+00:00,2024-06-26 12:00:00+00:00,61339.14,62487.81,61135.37,61420.01,1.8726542302353737,up,1.8726542302353737,0.3322022447657349,0.1318407789871241,1352.439999999995,1081
2024-06-26,2024-06-26,Wednesday,2024-06-26 18:00:00+00:00,2024-06-27 12:00:00+00:00,61172.02,61455.15,60606.63,61232.34,0.9242624323996486,down,0.46284232562535077,0.9242624323996486,0.09860717367188415,848.5200000000041,1081
2024-06-27,2024-06-27,Thursday,2024-06-27 18:00:00+00:00,2024-06-28 12:00:00+00:00,61804.81,62225.31,61212.11,61718.02,0.9589868490818063,down,0.6803677577845478,0.9589868490818063,-0.14042596361027707,1013.1999999999971,1081
2024-06-28,2024-06-28,Friday,2024-06-28 18:00:00+00:00,2024-06-29 12:00:00+00:00,60772.01,61224.0,60063.0,61113.48,1.1666719596735438,down,0.7437469980012147,1.1666719596735438,0.5618869607900103,1161.0,1081
2024-06-29,2024-06-29,Saturday,2024-06-29 18:00:00+00:00,2024-06-30 12:00:00+00:00,61040.73,61782.0,60712.21,61574.37,1.2143858698937524,up,1.2143858698937524,0.5381980195846349,0.8742359404941575,1069.7900000000009,1081
2024-06-30,2024-06-30,Sunday,2024-06-30 18:00:00+00:00,2024-07-01 12:00:00+00:00,61710.01,63818.33,61674.25,62682.01,3.416495962324426,up,3.416495962324426,0.057948459253210356,1.5751091273522724,2144.0800000000017,1081
2024-07-01,2024-07-01,Monday,2024-07-01 18:00:00+00:00,2024-07-02 12:00:00+00:00,63657.87,63861.76,62401.23,62835.51,1.974052854737363,down,0.3202903270247644,1.974052854737363,-1.291843412291364,1460.5299999999988,1081
2024-07-02,2024-07-02,Tuesday,2024-07-02 18:00:00+00:00,2024-07-03 12:00:00+00:00,62165.0,62368.81,59600.0,60353.84,4.126115981661706,down,0.3278532936539816,4.126115981661706,-2.91347221105124,2768.8099999999977,1081
2024-07-03,2024-07-03,Wednesday,2024-07-03 18:00:00+00:00,2024-07-04 12:00:00+00:00,60428.0,60498.19,56952.0,57694.4,5.75230025815847,down,0.11615476269279526,5.75230025815847,-4.523730720857879,3546.1900000000023,1081
2024-07-04,2024-07-04,Thursday,2024-07-04 18:00:00+00:00,2024-07-05 12:00:00+00:00,58209.78,58813.13,53485.93,55459.99,8.115217064898713,down,1.0365096724296132,8.115217064898713,-4.7239312706558945,5327.199999999997,1081
2024-07-05,2024-07-05,Friday,2024-07-05 18:00:00+00:00,2024-07-06 12:00:00+00:00,56418.44,56998.0,55779.33,56741.1,1.13280338839571,down,1.0272527918177066,1.13280338839571,0.571905213969043,1218.6699999999983,1081
2024-07-06,2024-07-06,Saturday,2024-07-06 18:00:00+00:00,2024-07-07 12:00:00+00:00,57990.0,58475.0,57073.36,57447.56,1.5806863252284868,down,0.8363510950163822,1.5806863252284868,-0.935402655630285,1401.6399999999994,1081
2024-07-07,2024-07-07,Sunday,2024-07-07 18:00:00+00:00,2024-07-08 12:00:00+00:00,57206.11,58236.73,54260.16,57185.45,5.1497121548729625,down,1.801590774132348,5.1497121548729625,-0.03611502337775369,3976.5699999999997,1081
2024-07-08,2024-07-08,Monday,2024-07-08 18:00:00+00:00,2024-07-09 12:00:00+00:00,56303.0,57900.0,56155.63,57465.15,2.836438555671989,up,2.836438555671989,0.26174448963643615,2.0640996039287454,1744.3700000000026,1081
2024-07-09,2024-07-09,Tuesday,2024-07-09 18:00:00+00:00,2024-07-10 12:00:00+00:00,57546.0,59470.0,57309.09,58468.46,3.343412226740347,up,3.343412226740347,0.41168804087165656,1.6029958641782212,2160.9100000000035,1081
2024-07-10,2024-07-10,Wednesday,2024-07-10 18:00:00+00:00,2024-07-11 12:00:00+00:00,57649.71,58936.52,57050.0,58726.04,2.2321187738845483,up,2.2321187738845483,1.0402654237115834,1.8670171974846044,1886.5199999999968,1081
2024-07-11,2024-07-11,Thursday,2024-07-11 18:00:00+00:00,2024-07-12 12:00:00+00:00,57792.83,58000.61,56542.47,57219.81,2.163520976564049,down,0.3595255674449561,2.163520976564049,-0.9915070779541407,1458.1399999999994,1081
2024-07-12,2024-07-12,Friday,2024-07-12 18:00:00+00:00,2024-07-13 12:00:00+00:00,58150.0,58854.98,57150.06,58516.01,1.7195872742906317,down,1.2123473774720606,1.7195872742906317,0.629423903697338,1704.9200000000055,1081
2024-07-13,2024-07-13,Saturday,2024-07-13 18:00:00+00:00,2024-07-14 12:00:00+00:00,58731.83,60400.0,58288.19,60098.67,2.8403167413649433,up,2.8403167413649433,0.7553655317738259,2.3272559360060745,2111.8099999999977,1081
2024-07-14,2024-07-14,Sunday,2024-07-14 18:00:00+00:00,2024-07-15 12:00:00+00:00,60014.73,63243.71,59880.0,62486.62,5.380312466622771,up,5.380312466622771,0.22449488650536825,4.118805499916435,3363.709999999999,1081
2024-07-15,2024-07-15,Monday,2024-07-15 18:00:00+00:00,2024-07-16 12:00:00+00:00,63032.62,64993.95,62373.24,63764.01,3.111611099141991,up,3.111611099141991,1.0460932767827271,1.1603357118901283,2620.709999999999,1081
2024-07-16,2024-07-16,Tuesday,2024-07-16 18:00:00+00:00,2024-07-17 12:00:00+00:00,64513.02,66128.63,64115.0,64710.01,2.5043161829968708,up,2.5043161829968708,0.6169607313376383,0.30534921477866833,2013.6300000000047,1081
2024-07-17,2024-07-17,Wednesday,2024-07-17 18:00:00+00:00,2024-07-18 12:00:00+00:00,64231.9,65133.3,63910.0,64762.02,1.403352539781637,up,1.403352539781637,0.501152853955747,0.8253219973253093,1223.300000000003,1081
2024-07-18,2024-07-18,Thursday,2024-07-18 18:00:00+00:00,2024-07-19 12:00:00+00:00,63555.48,64486.0,63238.48,64150.0,1.46410663565124,up,1.46410663565124,0.49877681672768415,0.9354346784887736,1247.5199999999968,1081
2024-07-19,2024-07-19,Friday,2024-07-19 18:00:00+00:00,2024-07-20 12:00:00+00:00,66743.39,67386.0,66222.46,66495.78,0.9628069536174302,up,0.9628069536174302,0.7804967652976468,-0.37098804840449456,1163.5399999999936,1081
2024-07-20,2024-07-20,Saturday,2024-07-20 18:00:00+00:00,2024-07-21 12:00:00+00:00,67409.9,67577.57,66592.1,66874.01,1.2131749194109298,down,0.248732011173452,1.2131749194109298,-0.7949722518502468,985.4700000000012,1081
2024-07-21,2024-07-21,Sunday,2024-07-21 18:00:00+00:00,2024-07-22 12:00:00+00:00,66656.01,68474.55,65777.0,67528.01,2.7282461101407187,up,2.7282461101407187,1.3187257983188534,1.3082091172273889,2697.550000000003,1081
2024-07-22,2024-07-22,Monday,2024-07-22 18:00:00+00:00,2024-07-23 12:00:00+00:00,67469.94,68256.0,66256.39,66708.01,1.798652851921912,down,1.1650521698996585,1.798652851921912,-1.1292880948167547,1999.6100000000006,1081
2024-07-23,2024-07-23,Tuesday,2024-07-23 18:00:00+00:00,2024-07-24 12:00:00+00:00,65900.01,66600.0,65441.08,66382.01,1.0622001423065115,up,1.0622001423065115,0.6964035362058262,0.7314111181470231,1158.9199999999983,1081
2024-07-24,2024-07-24,Wednesday,2024-07-24 18:00:00+00:00,2024-07-25 12:00:00+00:00,66547.65,66650.0,63800.0,64074.0,4.1288460223614125,down,0.15379957068357158,4.1288460223614125,-3.7171109723634035,2850.0,1081
2024-07-25,2024-07-25,Thursday,2024-07-25 18:00:00+00:00,2024-07-26 12:00:00+00:00,65102.0,67498.0,64388.46,67353.76,3.680378482995914,up,3.680378482995914,1.096033916008726,3.4588184694786563,3109.540000000001,1081
2024-07-26,2024-07-26,Friday,2024-07-26 18:00:00+00:00,2024-07-27 12:00:00+00:00,67366.01,68295.39,67336.08,68206.12,1.379597812012326,up,1.379597812012326,0.044428933819878925,1.2470829131783234,959.3099999999977,1081
2024-07-27,2024-07-27,Saturday,2024-07-27 18:00:00+00:00,2024-07-28 12:00:00+00:00,68552.01,69182.94,66650.0,67789.36,2.7745503012967743,down,0.920366886397653,2.7745503012967743,-1.1125129664323397,2532.9400000000023,1081
2024-07-28,2024-07-28,Sunday,2024-07-28 18:00:00+00:00,2024-07-29 12:00:00+00:00,67996.0,69888.0,67801.62,69614.0,2.782516618624625,up,2.782516618624625,0.2858697570445389,2.3795517383375495,2086.3800000000047,1081
2024-07-29,2024-07-29,Monday,2024-07-29 18:00:00+00:00,2024-07-30 12:00:00+00:00,66966.54,67553.66,65862.0,66522.0,1.6493908749055777,down,0.8767363522141205,1.6493908749055777,-0.6638240530270694,1691.6600000000035,1081
2024-07-30,2024-07-30,Tuesday,2024-07-30 18:00:00+00:00,2024-07-31 12:00:00+00:00,65839.19,66554.4,65302.67,66100.0,1.0862982974122126,up,1.0862982974122126,0.8148945939341052,0.39613184791610845,1251.729999999996,1081
2024-07-31,2024-07-31,Wednesday,2024-07-31 18:00:00+00:00,2024-08-01 12:00:00+00:00,66442.97,66733.99,63584.0,64667.84,4.302893142795996,down,0.43799968604655104,4.302893142795996,-2.6716596202728513,3149.9900000000052,1081
2024-08-01,2024-08-01,Thursday,2024-08-01 18:00:00+00:00,2024-08-02 12:00:00+00:00,63120.01,65659.78,62811.26,64660.01,4.023716092567154,up,4.023716092567154,0.48914757776495915,2.4397968251272455,2848.519999999997,1081
2024-08-02,2024-08-02,Friday,2024-08-02 18:00:00+00:00,2024-08-03 12:00:00+00:00,63044.0,63220.0,60505.0,61888.0,4.027345980584989,down,0.2791701034198337,4.027345980584989,-1.83363999746209,2715.0,1081
2024-08-03,2024-08-03,Saturday,2024-08-03 18:00:00+00:00,2024-08-04 12:00:00+00:00,60601.66,61117.63,59850.0,60916.0,1.2403290602930737,down,0.8514123210486212,1.2403290602930737,0.5186986627098935,1267.6299999999974,1081
2024-08-04,2024-08-04,Sunday,2024-08-04 18:00:00+00:00,2024-08-05 12:00:00+00:00,57795.99,59583.0,49000.0,51145.99,15.219031631779295,down,3.0919273119121278,15.219031631779295,-11.505988564258523,10583.0,1081
2024-08-05,2024-08-05,Monday,2024-08-05 18:00:00+00:00,2024-08-06 12:00:00+00:00,54645.3,56276.0,52555.0,55187.79,3.8252146113206495,down,2.984154172453984,3.8252146113206495,0.9927477751974972,3721.0,1081
2024-08-06,2024-08-06,Tuesday,2024-08-06 18:00:00+00:00,2024-08-07 12:00:00+00:00,56482.0,57736.05,55557.88,57022.0,2.220264863142245,up,2.220264863142245,1.636131865018949,0.9560567968556354,2178.1700000000055,1081
2024-08-07,2024-08-07,Wednesday,2024-08-07 18:00:00+00:00,2024-08-08 12:00:00+00:00,55544.4,57670.04,54558.62,57320.0,3.8269204456254804,up,3.8269204456254804,1.7747603718826717,3.19672190175787,3111.4199999999983,1081
2024-08-08,2024-08-08,Thursday,2024-08-08 18:00:00+00:00,2024-08-09 12:00:00+00:00,59414.08,62745.14,59237.59,60632.63,5.606516165865057,up,5.606516165865057,0.2970508000797205,2.050944826546158,3507.550000000003,1081
2024-08-09,2024-08-09,Friday,2024-08-09 18:00:00+00:00,2024-08-10 12:00:00+00:00,60180.8,61470.58,59835.38,60941.78,2.1431752319676685,up,2.1431752319676685,0.5739704357536051,1.2644896711243385,1635.2000000000044,1081
2024-08-10,2024-08-10,Saturday,2024-08-10 18:00:00+00:00,2024-08-11 12:00:00+00:00,60740.72,61858.0,60425.0,60676.0,1.839425018340248,up,1.839425018340248,0.5197831043161839,-0.1065512558955527,1433.0,1081
2024-08-11,2024-08-11,Sunday,2024-08-11 18:00:00+00:00,2024-08-12 12:00:00+00:00,60246.06,60345.88,57642.21,59782.96,4.3220253739414645,down,0.1656871835270219,4.3220253739414645,-0.7686809726644341,2703.6699999999983,1081
2024-08-12,2024-08-12,Monday,2024-08-12 18:00:00+00:00,2024-08-13 12:00:00+00:00,59249.99,59923.28,58392.88,58840.0,1.446599400269942,down,1.136354622169558,1.446599400269942,-0.6919663615133066,1530.4000000000015,1081
2024-08-13,2024-08-13,Tuesday,2024-08-13 18:00:00+00:00,2024-08-14 12:00:00+00:00,61008.5,61453.0,60243.77,61288.0,1.2534810723096015,down,0.7285870001721072,1.2534810723096015,0.4581328831228435,1209.2300000000032,1081
2024-08-14,2024-08-14,Wednesday,2024-08-14 18:00:00+00:00,2024-08-15 12:00:00+00:00,59112.0,59462.61,57713.88,58776.29,2.3652050345107636,down,0.5931282988225751,2.3652050345107636,-0.5679219109487061,1748.7300000000032,1081
2024-08-15,2024-08-15,Thursday,2024-08-15 18:00:00+00:00,2024-08-16 12:00:00+00:00,58713.56,58878.15,56078.54,58410.01,4.487924084317144,down,0.2803270658430587,4.487924084317144,-0.5170015240090972,2799.6100000000006,1081
2024-08-16,2024-08-16,Friday,2024-08-16 18:00:00+00:00,2024-08-17 12:00:00+00:00,59167.49,59817.76,58703.99,59128.15,1.099032593743632,up,1.099032593743632,0.7833693807190403,-0.06648921561485287,1113.770000000004,1081
2024-08-17,2024-08-17,Saturday,2024-08-17 18:00:00+00:00,2024-08-18 12:00:00+00:00,59453.97,60259.01,59113.68,59993.98,1.3540559192262533,up,1.3540559192262533,0.5723587508117639,0.9082824914803873,1145.3300000000017,1081
2024-08-18,2024-08-18,Sunday,2024-08-18 18:00:00+00:00,2024-08-19 12:00:00+00:00,59532.2,59869.77,57787.3,58438.0,2.9310188435837987,down,0.5670376703699842,2.9310188435837987,-1.8379969159547223,2082.469999999994,1081
2024-08-19,2024-08-19,Monday,2024-08-19 18:00:00+00:00,2024-08-20 12:00:00+00:00,58996.01,61400.0,58732.0,60513.85,4.074834891376549,up,4.074834891376549,0.4475048397340804,2.5727841594711176,2668.0,1081
2024-08-20,2024-08-20,Tuesday,2024-08-20 18:00:00+00:00,2024-08-21 12:00:00+00:00,59049.05,59924.13,58783.47,59377.5,1.4819544090887058,up,1.4819544090887058,0.4497616811786163,0.5562324880755865,1140.6599999999962,1081
2024-08-21,2024-08-21,Wednesday,2024-08-21 18:00:00+00:00,2024-08-22 12:00:00+00:00,60002.43,61820.93,59724.87,61350.0,3.0307105895544564,up,3.0307105895544564,0.462581265458745,2.24585904270877,2096.0599999999977,1081
2024-08-22,2024-08-22,Thursday,2024-08-22 18:00:00+00:00,2024-08-23 12:00:00+00:00,60131.01,61367.74,60131.0,60770.53,2.0567258058695437,up,2.0567258058695437,1.6630354291466693e-05,1.0635444174312003,1236.739999999998,1081
2024-08-23,2024-08-23,Friday,2024-08-23 18:00:00+00:00,2024-08-24 12:00:00+00:00,63152.0,64955.0,62659.09,63930.87,2.855016468203699,up,2.855016468203699,0.7805136812769247,1.2333259437547546,2295.9100000000035,1081
2024-08-24,2024-08-24,Saturday,2024-08-24 18:00:00+00:00,2024-08-25 12:00:00+00:00,64021.0,64507.04,63531.0,63880.0,0.7653738617016291,down,0.7591883913091031,0.7653738617016291,-0.22024023367332593,976.0400000000009,1081
2024-08-25,2024-08-25,Sunday,2024-08-25 18:00:00+00:00,2024-08-26 12:00:00+00:00,64137.03,65000.0,63220.95,63845.01,1.4283168397414125,down,1.3455097624570411,1.4283168397414125,-0.45530639632049813,1779.050000000003,1081
2024-08-26,2024-08-26,Monday,2024-08-26 18:00:00+00:00,2024-08-27 12:00:00+00:00,63416.99,63703.0,62230.0,62380.02,1.871722388590184,down,0.45099901461737946,1.871722388590184,-1.6351611768392054,1473.0,1081
2024-08-27,2024-08-27,Tuesday,2024-08-27 18:00:00+00:00,2024-08-28 12:00:00+00:00,61912.0,62196.75,58034.01,59886.2,6.263713012017052,down,0.45992699315157,6.263713012017052,-3.2720635741051862,4162.739999999998,1081
2024-08-28,2024-08-28,Wednesday,2024-08-28 18:00:00+00:00,2024-08-29 12:00:00+00:00,58627.82,60477.0,58597.66,60011.0,3.1540998795452406,up,3.1540998795452406,0.05144315446147617,2.359255384218619,1879.3399999999965,1081
2024-08-29,2024-08-29,Thursday,2024-08-29 18:00:00+00:00,2024-08-30 12:00:00+00:00,60453.18,60548.99,58685.0,59421.7,2.9248750851485403,down,0.15848628641205917,2.9248750851485403,-1.7062460568658309,1863.989999999998,1081
2024-08-30,2024-08-30,Friday,2024-08-30 18:00:00+00:00,2024-08-31 12:00:00+00:00,58664.01,59462.38,58625.0,59109.0,1.3609195825515428,up,1.3609195825515428,0.06649732945293381,0.7585400316139281,837.3799999999974,1081
2024-08-31,2024-08-31,Saturday,2024-08-31 18:00:00+00:00,2024-09-01 12:00:00+00:00,58976.4,59141.72,57777.0,58305.0,2.033694833865752,down,0.28031551603692273,2.033694833865752,-1.1384214702830309,1364.7200000000012,1081
2024-09-01,2024-09-01,Sunday,2024-09-01 18:00:00+00:00,2024-09-02 12:00:00+00:00,58148.99,58788.93,57128.0,58404.01,1.7558172549514584,down,1.100517824987162,1.7558172549514584,0.43856307736386146,1660.9300000000003,1081
2024-09-02,2024-09-02,Monday,2024-09-02 18:00:00+00:00,2024-09-03 12:00:00+00:00,58539.0,59809.65,58318.33,59062.0,2.1706042125762335,up,2.1706042125762335,0.37696236696902624,0.8934214796972958,1491.3199999999997,1081
2024-09-03,2024-09-03,Tuesday,2024-09-03 18:00:00+00:00,2024-09-04 12:00:00+00:00,57711.0,58251.09,55606.0,56572.0,3.64748488156504,down,0.9358527836980758,3.64748488156504,-1.9736272114501567,2645.0899999999965,1081
2024-09-04,2024-09-04,Wednesday,2024-09-04 18:00:00+00:00,2024-09-05 12:00:00+00:00,57867.88,58390.0,56541.68,56711.0,2.2917722232091395,down,0.9022621875900805,2.2917722232091395,-1.999174671683147,1848.3199999999997,1081
2024-09-05,2024-09-05,Thursday,2024-09-05 18:00:00+00:00,2024-09-06 12:00:00+00:00,56633.66,56858.88,55280.0,56000.0,2.3902039882289143,down,0.3976786949669046,2.3902039882289143,-1.118875241331751,1578.8799999999974,1081
2024-09-06,2024-09-06,Friday,2024-09-06 18:00:00+00:00,2024-09-07 12:00:00+00:00,53958.0,54492.98,52550.0,54390.5,2.609436969494792,down,0.9914748508098951,2.609436969494792,0.8015493532006375,1942.9800000000032,1081
2024-09-07,2024-09-07,Saturday,2024-09-07 18:00:00+00:00,2024-09-08 12:00:00+00:00,54135.99,54722.85,53814.01,54516.01,1.0840477841081333,up,1.0840477841081333,0.5947614516701292,0.7019729388896445,908.8399999999965,1081
2024-09-08,2024-09-08,Sunday,2024-09-08 18:00:00+00:00,2024-09-09 12:00:00+00:00,54444.0,55555.0,54184.0,55250.0,2.0406289030930864,up,2.0406289030930864,0.4775549188156638,1.4804202483285578,1371.0,1081
2024-09-09,2024-09-09,Monday,2024-09-09 18:00:00+00:00,2024-09-10 12:00:00+00:00,56554.0,58088.0,56264.0,57229.98,2.7124518159635036,up,2.7124518159635036,0.5127842416097889,1.1952823849771956,1824.0,1081
2024-09-10,2024-09-10,Tuesday,2024-09-10 18:00:00+00:00,2024-09-11 12:00:00+00:00,57217.1,58044.36,56100.0,56770.16,1.952388359424016,down,1.445826509907007,1.952388359424016,-0.7811301166958743,1944.3600000000006,1081
2024-09-11,2024-09-11,Wednesday,2024-09-11 18:00:00+00:00,2024-09-12 12:00:00+00:00,57719.96,58470.01,57211.1,58100.0,1.2994638249922608,up,1.2994638249922608,0.8816014425512433,0.6584204147057636,1258.9100000000035,1081
2024-09-12,2024-09-12,Thursday,2024-09-12 18:00:00+00:00,2024-09-13 12:00:00+00:00,58387.99,58450.99,57742.0,57913.28,1.106374787006708,down,0.10789890181182808,1.106374787006708,-0.8130267885570289,708.989999999998,1081
2024-09-13,2024-09-13,Friday,2024-09-13 18:00:00+00:00,2024-09-14 12:00:00+00:00,59502.58,60625.0,59478.0,59695.91,1.8863383738990782,up,1.8863383738990782,0.04130913315019575,0.32491028120125504,1147.0,1081
2024-09-14,2024-09-14,Saturday,2024-09-14 18:00:00+00:00,2024-09-15 12:00:00+00:00,59864.38,60280.06,59400.0,59984.01,0.7757200525587961,down,0.6943695065412859,0.7757200525587961,0.19983502710627699,880.0599999999977,1081
2024-09-15,2024-09-15,Sunday,2024-09-15 18:00:00+00:00,2024-09-16 12:00:00+00:00,59814.07,60181.8,58112.0,58674.0,2.8456013777360405,down,0.6147884603070869,2.8456013777360405,-1.9060231146283806,2069.800000000003,1081
2024-09-16,2024-09-16,Monday,2024-09-16 18:00:00+00:00,2024-09-17 12:00:00+00:00,58136.0,59300.0,57608.0,59086.05,2.002201733865419,up,2.002201733865419,0.9082152194853447,1.6341853584697998,1692.0,1081
2024-09-17,2024-09-17,Tuesday,2024-09-17 18:00:00+00:00,2024-09-18 12:00:00+00:00,60968.01,61075.39,59348.88,59841.1,2.6557041963482235,down,0.17612515153438232,2.6557041963482235,-1.8483627725425242,1726.510000000002,1081
2024-09-18,2024-09-18,Wednesday,2024-09-18 18:00:00+00:00,2024-09-19 12:00:00+00:00,60607.17,62727.52,59473.68,62691.99,3.4985134597111176,up,3.4985134597111176,1.8702242655448158,3.4398900328129494,3253.8399999999965,1081
2024-09-19,2024-09-19,Thursday,2024-09-19 18:00:00+00:00,2024-09-20 12:00:00+00:00,63699.99,64133.32,62606.0,63418.84,1.7174100027331212,down,0.6802669827734694,1.7174100027331212,-0.44136584636826703,1527.3199999999997,1081
2024-09-20,2024-09-20,Friday,2024-09-20 18:00:00+00:00,2024-09-21 12:00:00+00:00,62745.83,63310.37,62350.0,63099.99,0.8997251291440417,up,0.8997251291440417,0.6308467032789298,0.5644359155022671,960.3700000000026,1081
2024-09-21,2024-09-21,Saturday,2024-09-21 18:00:00+00:00,2024-09-22 12:00:00+00:00,63300.0,63559.9,62544.94,62789.99,1.1928278041074212,down,0.4105845181674589,1.1928278041074212,-0.8057030015797821,1014.9599999999991,1081
2024-09-22,2024-09-22,Sunday,2024-09-22 18:00:00+00:00,2024-09-23 12:00:00+00:00,63031.91,64745.88,62357.93,63433.98,2.7192100001411883,up,2.7192100001411883,1.069267931116165,0.6378832562744802,2387.949999999997,1081
2024-09-23,2024-09-23,Monday,2024-09-23 18:00:00+00:00,2024-09-24 12:00:00+00:00,63337.99,63948.0,62700.0,63515.56,1.0072785700967113,down,0.9631028708047129,1.0072785700967113,0.28035307088210365,1248.0,1081
2024-09-24,2024-09-24,Tuesday,2024-09-24 18:00:00+00:00,2024-09-25 12:00:00+00:00,63712.46,64817.99,63407.7,63816.35,1.7351864925636191,up,1.7351864925636191,0.47833657655033573,0.16306072626924062,1410.2900000000009,1081
2024-09-25,2024-09-25,Wednesday,2024-09-25 18:00:00+00:00,2024-09-26 12:00:00+00:00,63168.49,64500.0,62670.0,64424.84,2.1078705538156792,up,2.1078705538156792,0.7891434479437421,1.9888871809346695,1830.0,1081
2024-09-26,2024-09-26,Thursday,2024-09-26 18:00:00+00:00,2024-09-27 12:00:00+00:00,65187.91,65986.0,64633.52,65431.0,1.224291436863057,up,1.224291436863057,0.8504491093517289,0.3729065711724712,1352.4800000000032,1081
2024-09-27,2024-09-27,Friday,2024-09-27 18:00:00+00:00,2024-09-28 12:00:00+00:00,65926.59,66260.0,65453.0,65763.16,0.7183596178719338,down,0.5057291754358955,0.7183596178719338,-0.24789694112799257,807.0,1081
2024-09-28,2024-09-28,Saturday,2024-09-28 18:00:00+00:00,2024-09-29 12:00:00+00:00,65653.35,65984.0,65432.0,65716.0,0.5036300508656362,up,0.5036300508656362,0.33714958947259477,0.09542544287533565,552.0,1081
2024-09-29,2024-09-29,Sunday,2024-09-29 18:00:00+00:00,2024-09-30 12:00:00+00:00,65814.57,66076.12,63249.68,63806.01,3.897146179029972,down,0.39740440452621406,3.897146179029972,-3.0518470302244696,2826.439999999995,1081
2024-09-30,2024-09-30,Monday,2024-09-30 18:00:00+00:00,2024-10-01 12:00:00+00:00,63705.68,64130.63,62856.3,63692.01,1.3332877068418347,down,0.6670519802943742,1.3332877068418347,-0.0214580552314931,1274.3299999999945,1081
2024-10-01,2024-10-01,Tuesday,2024-10-01 18:00:00+00:00,2024-10-02 12:00:00+00:00,62139.99,62440.0,60164.0,61131.98,3.179900737029404,down,0.4827969878978128,3.179900737029404,-1.6221599005728753,2276.0,1081
2024-10-02,2024-10-02,Wednesday,2024-10-02 18:00:00+00:00,2024-10-03 12:00:00+00:00,61638.21,61691.0,60000.0,60711.0,2.657783215962954,down,0.08564492706715668,2.657783215962954,-1.504277947072115,1691.0,1081
2024-10-03,2024-10-03,Thursday,2024-10-03 18:00:00+00:00,2024-10-04 12:00:00+00:00,60617.0,61646.27,60459.9,61446.55,1.6979890129831512,up,1.6979890129831512,0.259168220136263,1.3685104838576685,1186.3699999999953,1081
2024-10-04,2024-10-04,Friday,2024-10-04 18:00:00+00:00,2024-10-05 12:00:00+00:00,61988.0,62484.85,61689.26,62215.92,0.8015261018261576,up,0.8015261018261576,0.48193198683615857,0.3676840678841038,795.5899999999965,1081
2024-10-05,2024-10-05,Saturday,2024-10-05 18:00:00+00:00,2024-10-06 12:00:00+00:00,62027.99,62176.75,61700.0,62106.62,0.5287774116169135,down,0.2398272134886235,0.5287774116169135,0.12676535222244772,476.75,1081
2024-10-06,2024-10-06,Sunday,2024-10-06 18:00:00+00:00,2024-10-07 12:00:00+00:00,62628.0,63970.19,62302.0,63072.67,2.143114900683404,up,2.143114900683404,0.5205339464776139,0.7100178833748455,1668.1900000000023,1081
2024-10-07,2024-10-07,Monday,2024-10-07 18:00:00+00:00,2024-10-08 12:00:00+00:00,63808.01,63822.49,62005.0,62630.1,2.825679722655513,down,0.02269307568124429,2.825679722655513,-1.8460221530180982,1817.489999999998,1081
2024-10-08,2024-10-08,Tuesday,2024-10-08 18:00:00+00:00,2024-10-09 12:00:00+00:00,62348.21,62565.95,61860.31,62206.66,0.7825405091822226,down,0.3492321591910946,0.7825405091822226,-0.22703137748460722,705.6399999999994,1081
2024-10-09,2024-10-09,Wednesday,2024-10-09 18:00:00+00:00,2024-10-10 12:00:00+00:00,61763.32,61818.19,60301.0,61287.98,2.367618839142714,down,0.08883913623814688,2.367618839142714,-0.7696153639409224,1517.1900000000023,1081
2024-10-10,2024-10-10,Thursday,2024-10-10 18:00:00+00:00,2024-10-11 12:00:00+00:00,59512.0,61263.4,58946.0,61178.0,2.9429358784782926,up,2.9429358784782926,0.9510686920284984,2.7994354079849444,2317.4000000000015,1081
2024-10-11,2024-10-11,Friday,2024-10-11 18:00:00+00:00,2024-10-12 12:00:00+00:00,62936.01,63417.56,62357.7,62922.86,0.9188857062912075,down,0.7651422452742009,0.9188857062912075,-0.02089423844950046,1059.8600000000006,1081
2024-10-12,2024-10-12,Saturday,2024-10-12 18:00:00+00:00,2024-10-13 12:00:00+00:00,63128.69,63388.0,62520.18,62574.46,0.9639198912570529,down,0.410764107412965,0.9639198912570529,-0.8779367986251627,867.8199999999997,1081
2024-10-13,2024-10-13,Sunday,2024-10-13 18:00:00+00:00,2024-10-14 12:00:00+00:00,62530.0,65188.57,62314.13,64905.94,4.251671197825043,up,4.251671197825043,0.3452262913801417,3.7996801535263107,2874.4400000000023,1081
2024-10-14,2024-10-14,Monday,2024-10-14 18:00:00+00:00,2024-10-15 12:00:00+00:00,65682.89,66500.0,65201.0,65401.3,1.244022606191659,up,1.244022606191659,0.7336613842661299,-0.42871134324326554,1299.0,1081
2024-10-15,2024-10-15,Tuesday,2024-10-15 18:00:00+00:00,2024-10-16 12:00:00+00:00,66819.99,68424.0,66130.64,67892.02,2.4004942233603965,up,2.4004942233603965,1.0316523543328961,1.6043552236389123,2293.3600000000006,1081
2024-10-16,2024-10-16,Wednesday,2024-10-16 18:00:00+00:00,2024-10-17 12:00:00+00:00,67928.01,68064.0,66741.09,66845.83,1.7473204352666865,down,0.20019723822323846,1.7473204352666865,-1.593127783369472,1322.9100000000035,1081
2024-10-17,2024-10-17,Thursday,2024-10-17 18:00:00+00:00,2024-10-18 12:00:00+00:00,67286.0,68378.95,66720.0,67719.52,1.6243349285140996,up,1.6243349285140996,0.8411853877478228,0.6442945040573136,1658.949999999997,1081
2024-10-18,2024-10-18,Friday,2024-10-18 18:00:00+00:00,2024-10-19 12:00:00+00:00,68620.0,69000.0,68088.0,68108.01,0.7752841737102886,down,0.5537744097930632,0.7752841737102886,-0.7461235791314562,912.0,1081
2024-10-19,2024-10-19,Saturday,2024-10-19 18:00:00+00:00,2024-10-20 12:00:00+00:00,68121.99,68500.0,68094.4,68423.87,0.5549015817065749,up,0.5549015817065749,0.04050087203854594,0.44314618524795013,405.6000000000058,1081
2024-10-20,2024-10-20,Sunday,2024-10-20 18:00:00+00:00,2024-10-21 12:00:00+00:00,68562.01,69519.52,68119.01,68246.53,1.3965605734137745,up,1.3965605734137745,0.646130415371428,-0.46013820189926746,1400.5100000000093,1081
2024-10-21,2024-10-21,Monday,2024-10-21 18:00:00+00:00,2024-10-22 12:00:00+00:00,67404.83,67941.17,66571.42,67300.0,1.2364247487902624,down,0.7956996553511024,1.2364247487902624,-0.15552297958470002,1369.75,1081
2024-10-22,2024-10-22,Tuesday,2024-10-22 18:00:00+00:00,2024-10-23 12:00:00+00:00,67335.33,67836.01,66200.0,66425.99,1.6860836651428033,down,0.7435621092225924,1.6860836651428033,-1.3504649045307962,1636.0099999999948,1081
2024-10-23,2024-10-23,Wednesday,2024-10-23 18:00:00+00:00,2024-10-24 12:00:00+00:00,65743.99,67612.12,65260.0,67289.27,2.84152209198132,up,2.84152209198132,0.7361737551980115,2.350450588715408,2352.1199999999953,1081
2024-10-24,2024-10-24,Thursday,2024-10-24 18:00:00+00:00,2024-10-25 12:00:00+00:00,67654.54,68850.0,67250.0,68175.52,1.767006323596327,up,1.767006323596327,0.597949524156093,0.7700591859763004,1600.0,1081
2024-10-25,2024-10-25,Friday,2024-10-25 18:00:00+00:00,2024-10-26 12:00:00+00:00,66694.02,67585.87,65596.29,67118.01,1.645919679155658,down,1.337226336034312,1.645919679155658,0.635724162376163,1989.5800000000017,1081
2024-10-26,2024-10-26,Saturday,2024-10-26 18:00:00+00:00,2024-10-27 12:00:00+00:00,67073.44,67454.55,66913.73,67121.45,0.5681980825793348,up,0.5681980825793348,0.23811213499711123,0.07157825810036694,540.820000000007,1081
2024-10-27,2024-10-27,Sunday,2024-10-27 18:00:00+00:00,2024-10-28 12:00:00+00:00,67751.42,68833.57,67540.88,68786.0,1.597235895572386,up,1.597235895572386,0.3107536343887606,1.5270233450457595,1292.6900000000023,1081
2024-10-28,2024-10-28,Monday,2024-10-28 18:00:00+00:00,2024-10-29 12:00:00+00:00,69015.16,71587.88,68846.0,71421.34,3.7277606833049446,up,3.7277606833049446,0.2451055681099681,3.486451382565791,2741.8800000000047,1081
2024-10-29,2024-10-29,Tuesday,2024-10-29 18:00:00+00:00,2024-10-30 12:00:00+00:00,72754.76,73620.12,71864.65,72010.5,1.2234388512861574,down,1.1894204585376966,1.2234388512861574,-1.0229708681603717,1755.4700000000012,1081
2024-10-30,2024-10-30,Wednesday,2024-10-30 18:00:00+00:00,2024-10-31 12:00:00+00:00,71919.99,72961.0,71644.19,72210.01,1.4474557073770375,up,1.4474557073770375,0.3834816995942336,0.40325367119765937,1316.8099999999977,1081
2024-10-31,2024-10-31,Thursday,2024-10-31 18:00:00+00:00,2024-11-01 12:00:00+00:00,70716.0,70787.88,68830.0,70038.01,2.667006052378528,down,0.101646020702535,2.667006052378528,-0.9587504949375039,1957.8800000000047,1081
2024-11-01,2024-11-01,Friday,2024-11-01 18:00:00+00:00,2024-11-02 12:00:00+00:00,69542.0,69914.37,68820.14,69600.0,1.038020189238159,down,0.5354605849702271,1.038020189238159,0.08340283569641367,1094.229999999996,1081
2024-11-02,2024-11-02,Saturday,2024-11-02 18:00:00+00:00,2024-11-03 12:00:00+00:00,69401.76,69571.99,67864.16,68388.89,2.21550577391696,down,0.24528196403089847,2.21550577391696,-1.459429847312223,1707.8300000000017,1081
2024-11-03,2024-11-03,Sunday,2024-11-03 18:00:00+00:00,2024-11-04 12:00:00+00:00,68422.01,69500.0,67667.21,68827.68,1.5755018012478812,up,1.5755018012478812,1.1031537951018808,0.5928940117368641,1832.7899999999936,1081
2024-11-04,2024-11-04,Monday,2024-11-04 18:00:00+00:00,2024-11-05 12:00:00+00:00,67838.0,69100.0,66835.0,68874.0,1.8603142781331996,up,1.8603142781331996,1.478522362097939,1.5271676641410419,2265.0,1081
2024-11-05,2024-11-05,Tuesday,2024-11-05 18:00:00+00:00,2024-11-06 12:00:00+00:00,69962.01,75407.1,68732.77,74316.7,7.782923903987338,up,7.782923903987338,1.757010697662904,6.224363765420694,6674.330000000002,1081
2024-11-06,2024-11-06,Wednesday,2024-11-06 18:00:00+00:00,2024-11-07 12:00:00+00:00,74455.47,76400.0,74404.57,74769.22,2.6116684240929495,up,2.6116684240929495,0.06836300946054626,0.4213928137180518,1995.429999999993,1081
2024-11-07,2024-11-07,Thursday,2024-11-07 18:00:00+00:00,2024-11-08 12:00:00+00:00,76349.47,76849.99,75494.0,75941.02,1.1204661931510476,down,0.6555644721567865,1.1204661931510476,-0.5349742440910161,1355.9900000000052,1081
2024-11-08,2024-11-08,Friday,2024-11-08 18:00:00+00:00,2024-11-09 12:00:00+00:00,76415.02,77199.99,76136.0,76497.99,1.0272456907032166,up,1.0272456907032166,0.36513763917094316,0.10857813032045423,1063.9900000000052,1081
2024-11-09,2024-11-09,Saturday,2024-11-09 18:00:00+00:00,2024-11-10 12:00:00+00:00,76214.02,80040.0,76116.0,79976.43,5.020047492574195,up,5.020047492574195,0.1286115074365636,4.936637642260557,3924.0,1081
2024-11-10,2024-11-10,Sunday,2024-11-10 18:00:00+00:00,2024-11-11 12:00:00+00:00,80346.01,82380.94,78473.13,82106.89,2.532708220358432,up,2.532708220358432,2.3310180555325526,2.1916209653721506,3907.8099999999977,1081
2024-11-11,2024-11-11,Monday,2024-11-11 18:00:00+00:00,2024-11-12 12:00:00+00:00,84550.77,89940.0,84208.77,87088.31,6.373957327650588,up,6.373957327650588,0.40449069831061263,3.0012027093307294,5731.229999999996,1081
2024-11-12,2024-11-12,Tuesday,2024-11-12 18:00:00+00:00,2024-11-13 12:00:00+00:00,87042.55,89876.94,86127.99,87639.47,3.2563269343556676,up,3.2563269343556676,1.0507045117589016,0.6857795411554444,3748.949999999997,1081
2024-11-13,2024-11-13,Wednesday,2024-11-13 18:00:00+00:00,2024-11-14 12:00:00+00:00,92160.81,93139.93,87970.98,91400.0,4.546216553435242,down,1.0624038569105407,4.546216553435242,-0.8255244284419785,5168.949999999997,1081
2024-11-14,2024-11-14,Thursday,2024-11-14 18:00:00+00:00,2024-11-15 12:00:00+00:00,89180.0,89775.24,86668.21,89699.99,2.816539582866106,down,0.66745907154071,2.816539582866106,0.5830791657322328,3107.029999999999,1081
2024-11-15,2024-11-15,Friday,2024-11-15 18:00:00+00:00,2024-11-16 12:00:00+00:00,89429.77,91850.0,89214.55,91242.42,2.706291204819151,up,2.706291204819151,0.24065811641917578,2.026897754517309,2635.449999999997,1081
2024-11-16,2024-11-16,Saturday,2024-11-16 18:00:00+00:00,2024-11-17 12:00:00+00:00,90844.01,91449.99,89364.0,90719.99,1.6291773117456998,down,0.6670555383893891,1.6291773117456998,-0.13651973311172586,2085.9900000000052,1081
2024-11-17,2024-11-17,Sunday,2024-11-17 18:00:00+00:00,2024-11-18 12:00:00+00:00,90616.78,92300.0,88722.0,90392.33,2.090981383359681,down,1.8575146898841484,2.090981383359681,-0.24769143198422752,3578.0,1081
2024-11-18,2024-11-18,Monday,2024-11-18 18:00:00+00:00,2024-11-19 12:00:00+00:00,91480.01,92000.0,89667.66,91700.0,1.9811432027609,down,0.5684192644928715,1.9811432027609,0.2404787668912643,2332.3399999999965,1081
2024-11-19,2024-11-19,Tuesday,2024-11-19 18:00:00+00:00,2024-11-20 12:00:00+00:00,92794.87,93905.51,91320.0,93491.99,1.589387430576707,down,1.1968765083673263,1.589387430576707,0.7512484256942329,2585.5099999999948,1081
2024-11-20,2024-11-20,Wednesday,2024-11-20 18:00:00+00:00,2024-11-21 12:00:00+00:00,94055.99,98384.86,93138.0,97975.0,4.602439461856704,up,4.602439461856704,0.9760037611639676,4.166677741630273,5246.860000000001,1081
2024-11-21,2024-11-21,Thursday,2024-11-21 18:00:00+00:00,2024-11-22 12:00:00+00:00,97869.78,99419.99,97533.18,98920.0,1.5839516549439534,up,1.5839516549439534,0.34392638871774905,1.07307894224346,1886.8100000000122,1081
2024-11-22,2024-11-22,Friday,2024-11-22 18:00:00+00:00,2024-11-23 12:00:00+00:00,98880.0,99588.01,98284.61,98430.0,0.7160295307443313,up,0.7160295307443313,0.6021338996763748,-0.45509708737864074,1303.3999999999942,1081
2024-11-23,2024-11-23,Saturday,2024-11-23 18:00:00+00:00,2024-11-24 12:00:00+00:00,97776.0,98564.0,97136.0,97230.3,0.8059237440680741,up,0.8059237440680741,0.6545573555882834,-0.5581124202258193,1428.0,1081
2024-11-24,2024-11-24,Sunday,2024-11-24 18:00:00+00:00,2024-11-25 12:00:00+00:00,95887.99,98871.8,95832.36,98229.54,3.111766134632708,up,3.111766134632708,0.05801560758548036,2.441963795465927,3039.4400000000023,1081
2024-11-25,2024-11-25,Monday,2024-11-25 18:00:00+00:00,2024-11-26 12:00:00+00:00,95116.01,95908.59,91466.52,92278.0,3.836882981109059,down,0.833277173842765,3.836882981109059,-2.983735335407777,4442.069999999992,1081
2024-11-26,2024-11-26,Tuesday,2024-11-26 18:00:00+00:00,2024-11-27 12:00:00+00:00,93576.62,93885.6,90791.1,93345.27,2.9767264515431204,down,0.33018931438217203,2.9767264515431204,-0.2472305582313096,3094.5,1081
2024-11-27,2024-11-27,Wednesday,2024-11-27 18:00:00+00:00,2024-11-28 12:00:00+00:00,96244.0,97208.21,94640.0,95390.43,1.6665973982793731,down,1.0018390756826467,1.6665973982793731,-0.8868812601305089,2568.2100000000064,1081
2024-11-28,2024-11-28,Thursday,2024-11-28 18:00:00+00:00,2024-11-29 12:00:00+00:00,94899.98,97358.21,94698.0,97276.9,2.5903377429584395,up,2.5903377429584395,0.21283460755207317,2.5046580620986414,2660.2100000000064,1081
2024-11-29,2024-11-29,Friday,2024-11-29 18:00:00+00:00,2024-11-30 12:00:00+00:00,97020.93,97624.62,96092.01,96267.99,0.9574428940229683,down,0.6222265649277969,0.9574428940229683,-0.7760593513172754,1532.6100000000006,1081
2024-11-30,2024-11-30,Saturday,2024-11-30 18:00:00+00:00,2024-12-01 12:00:00+00:00,96791.52,97179.04,95693.88,97110.74,1.1340249641704143,down,0.40036565186701223,1.1340249641704143,0.3298016189848048,1485.159999999989,1081
2024-12-01,2024-12-01,Sunday,2024-12-01 18:00:00+00:00,2024-12-02 12:00:00+00:00,97290.29,98130.0,94820.41,95056.01,2.53867061142483,down,0.8630974375757401,2.53867061142483,-2.296508726615985,3309.5899999999965,1081
2024-12-02,2024-12-02,Monday,2024-12-02 18:00:00+00:00,2024-12-03 12:00:00+00:00,94653.36,96327.87,94488.0,94972.0,1.7690972618404615,up,1.7690972618404615,0.17470061284670782,0.3366388683930496,1839.8699999999953,1081
2024-12-03,2024-12-03,Tuesday,2024-12-03 18:00:00+00:00,2024-12-04 12:00:00+00:00,95772.0,96950.0,94939.77,96239.84,1.2300045942446645,up,1.2300045942446645,0.8689700538779559,0.4884935054086753,2010.229999999996,1081
2024-12-04,2024-12-04,Wednesday,2024-12-04 18:00:00+00:00,2024-12-05 12:00:00+00:00,95628.0,104088.0,95451.0,102579.51,8.84678127745012,up,8.84678127745012,0.18509223240055214,7.269324883925204,8637.0,1081
2024-12-05,2024-12-05,Thursday,2024-12-05 18:00:00+00:00,2024-12-06 12:00:00+00:00,101285.19,101521.14,90500.0,98185.14,10.648338616929092,down,0.2329560718600588,10.648338616929092,-3.0607140096197702,11021.14,1081
2024-12-06,2024-12-06,Friday,2024-12-06 18:00:00+00:00,2024-12-07 12:00:00+00:00,100780.0,101898.99,98844.0,99630.0,1.9210160746179799,down,1.1103294304425533,1.9210160746179799,-1.1410994244889858,3054.9900000000052,1081
2024-12-07,2024-12-07,Saturday,2024-12-07 18:00:00+00:00,2024-12-08 12:00:00+00:00,99637.35,100439.18,98657.7,99655.98,0.9832156314875985,down,0.8047484201456453,0.9832156314875985,0.01869780759924878,1781.479999999996,1081
2024-12-08,2024-12-08,Sunday,2024-12-08 18:00:00+00:00,2024-12-09 12:00:00+00:00,99900.01,101351.0,98035.57,98052.3,1.8663061194888648,down,1.4524422970528286,1.8663061194888648,-1.8495593744184728,3315.429999999993,1081
2024-12-09,2024-12-09,Monday,2024-12-09 18:00:00+00:00,2024-12-10 12:00:00+00:00,97424.0,98260.0,94150.05,97772.45,3.3605169157497095,down,0.8581047791098702,3.3605169157497095,0.3576634094268323,4109.949999999997,1081
2024-12-10,2024-12-10,Tuesday,2024-12-10 18:00:00+00:00,2024-12-11 12:00:00+00:00,94531.76,98472.57,94256.54,98380.64,4.168768253124677,up,4.168768253124677,0.29114024746815376,4.071520513317434,4216.030000000013,1081
2024-12-11,2024-12-11,Wednesday,2024-12-11 18:00:00+00:00,2024-12-12 12:00:00+00:00,99918.19,101888.0,99608.23,100434.0,1.9714228210098657,up,1.9714228210098657,0.31021378589824977,0.5162323296688998,2279.770000000004,1081
2024-12-12,2024-12-12,Thursday,2024-12-12 18:00:00+00:00,2024-12-13 12:00:00+00:00,101558.82,101657.75,99205.0,100386.05,2.317691363487688,down,0.09741152959437005,2.317691363487688,-1.154769226345879,2452.75,1081
2024-12-13,2024-12-13,Friday,2024-12-13 18:00:00+00:00,2024-12-14 12:00:00+00:00,101732.34,102650.0,101090.9,101634.78,0.9020337092413322,up,0.9020337092413322,0.6305172966629907,-0.09589870831635021,1559.1000000000058,1081
2024-12-14,2024-12-14,Saturday,2024-12-14 18:00:00+00:00,2024-12-15 12:00:00+00:00,101003.59,102850.0,100609.41,102738.89,1.8280637351603082,up,1.8280637351603082,0.39026335598565653,1.7180577442841418,2240.5899999999965,1081
2024-12-15,2024-12-15,Sunday,2024-12-15 18:00:00+00:00,2024-12-16 12:00:00+00:00,103111.99,106648.0,102621.5,103710.0,3.4292908128336914,up,3.4292908128336914,0.47568667814480664,0.5799616514044533,4026.5,1081
2024-12-16,2024-12-16,Monday,2024-12-16 18:00:00+00:00,2024-12-17 12:00:00+00:00,107012.38,107793.07,105480.02,106797.87,1.431946471987634,down,0.7295324148477048,1.431946471987634,-0.20045344286334843,2313.050000000003,1081
2024-12-17,2024-12-17,Tuesday,2024-12-17 18:00:00+00:00,2024-12-18 12:00:00+00:00,107442.51,107633.0,103137.82,104940.27,4.006505432533164,down,0.17729481561814336,4.006505432533164,-2.3289105960015184,4495.179999999993,1081
2024-12-18,2024-12-18,Wednesday,2024-12-18 18:00:00+00:00,2024-12-19 12:00:00+00:00,104621.84,104999.98,98802.0,102467.79,5.562739099216757,down,0.36143505027248557,5.562739099216757,-2.0588913366463473,6197.979999999996,1081
2024-12-19,2024-12-19,Thursday,2024-12-19 18:00:00+00:00,2024-12-20 12:00:00+00:00,98745.75,99064.06,92612.1,92731.97,6.21155847213677,down,0.3223531139314833,6.21155847213677,-6.0901659058744295,6451.959999999992,1081
2024-12-20,2024-12-20,Friday,2024-12-20 18:00:00+00:00,2024-12-21 12:00:00+00:00,97161.75,99540.61,95393.84,98258.41,2.4483503024595588,up,2.4483503024595588,1.819553476548131,1.1286951912661138,4146.770000000004,1081
2024-12-21,2024-12-21,Saturday,2024-12-21 18:00:00+00:00,2024-12-22 12:00:00+00:00,97574.24,98057.51,95890.28,97120.0,1.7258243569204395,down,0.49528441113145183,1.7258243569204395,-0.465532706173274,2167.229999999996,1081
2024-12-22,2024-12-22,Sunday,2024-12-22 18:00:00+00:00,2024-12-23 12:00:00+00:00,95649.53,96538.92,93700.42,95962.49,2.037762234691588,down,0.9298425198743783,2.037762234691588,0.3271944984988493,2838.5,1081
2024-12-23,2024-12-23,Monday,2024-12-23 18:00:00+00:00,2024-12-24 12:00:00+00:00,93421.65,95509.09,92520.0,94378.83,2.2344285291471544,up,2.2344285291471544,0.965140307412676,1.0245804907106733,2989.0899999999965,1081
2024-12-24,2024-12-24,Tuesday,2024-12-24 18:00:00+00:00,2024-12-25 12:00:00+00:00,98939.39,99487.99,97250.0,97956.59,1.7074999148468568,down,0.5544808796577438,1.7074999148468568,-0.9933354147423014,2237.9900000000052,1081
2024-12-25,2024-12-25,Wednesday,2024-12-25 18:00:00+00:00,2024-12-26 12:00:00+00:00,98577.16,99963.7,95199.14,95654.46,3.42677756186119,down,1.4065529986865046,3.42677756186119,-2.964885577957406,4764.559999999998,1081
2024-12-26,2024-12-26,Thursday,2024-12-26 18:00:00+00:00,2024-12-27 12:00:00+00:00,95835.23,97544.58,94646.03,97017.44,1.7836342647688181,up,1.7836342647688181,1.2408797891965169,1.2335860205062443,2898.550000000003,1081
2024-12-27,2024-12-27,Friday,2024-12-27 18:00:00+00:00,2024-12-28 12:00:00+00:00,94336.92,94883.0,94100.6,94771.64,0.5788613832209083,up,0.5788613832209083,0.2505063765066662,0.4608164014682705,782.3999999999942,1081
2024-12-28,2024-12-28,Saturday,2024-12-28 18:00:00+00:00,2024-12-29 12:00:00+00:00,95031.49,95733.99,94715.16,95005.41,0.7392286493666468,up,0.7392286493666468,0.3328686101838472,-0.027443534769371444,1018.8300000000017,1081
2024-12-29,2024-12-29,Sunday,2024-12-29 18:00:00+00:00,2024-12-30 12:00:00+00:00,93945.01,94274.29,93009.52,93950.7,0.9957846616866514,down,0.3505029165466041,0.9957846616866514,0.006056734679151483,1264.7699999999895,1081
2024-12-30,2024-12-30,Monday,2024-12-30 18:00:00+00:00,2024-12-31 12:00:00+00:00,93800.0,95024.5,91901.57,94327.99,2.023912579957349,down,1.3054371002132197,2.023912579957349,0.5628891257995792,3122.929999999993,1081
2024-12-31,2024-12-31,Tuesday,2024-12-31 18:00:00+00:00,2025-01-01 12:00:00+00:00,94067.6,94509.42,92888.0,93445.31,1.2539918101450507,down,0.4696835042033521,1.2539918101450507,-0.6615348961810529,1621.4199999999983,1081
2025-01-01,2025-01-01,Wednesday,2025-01-01 18:00:00+00:00,2025-01-02 12:00:00+00:00,94118.64,96876.38,93936.44,96745.25,2.930067837784317,up,2.930067837784317,0.19358545767341845,2.7907436826541487,2939.9400000000023,1081
2025-01-02,2025-01-02,Thursday,2025-01-02 18:00:00+00:00,2025-01-03 12:00:00+00:00,96778.59,97839.5,96100.01,96720.0,1.0962238652164735,up,1.0962238652164735,0.7011674792947508,-0.0605402496564545,1739.4900000000052,1081
2025-01-03,2025-01-03,Friday,2025-01-03 18:00:00+00:00,2025-01-04 12:00:00+00:00,98000.0,98976.91,97532.58,97888.2,0.9968469387755138,up,0.9968469387755138,0.4769591836734676,-0.11408163265306419,1444.3300000000017,1081
2025-01-04,2025-01-04,Saturday,2025-01-04 18:00:00+00:00,2025-01-05 12:00:00+00:00,97993.2,98778.43,97600.0,97646.64,0.8013107031916459,up,0.8013107031916459,0.40125233179444814,-0.3536571925398882,1178.429999999993,1081
2025-01-05,2025-01-05,Sunday,2025-01-05 18:00:00+00:00,2025-01-06 12:00:00+00:00,97760.64,99892.0,97577.46,99300.0,2.180182126467258,up,2.180182126467258,0.18737602372487847,1.5746214427401464,2314.5399999999936,1081
2025-01-06,2025-01-06,Monday,2025-01-06 18:00:00+00:00,2025-01-07 12:00:00+00:00,101765.82,102724.38,100472.45,100831.61,1.2709277044099971,down,0.9419272600564684,1.2709277044099971,-0.9179997763492755,2251.9300000000076,1081
2025-01-07,2025-01-07,Tuesday,2025-01-07 18:00:00+00:00,2025-01-08 12:00:00+00:00,97278.83,97541.6,94543.86,95125.76,2.8114750146563243,down,0.2701204362758105,2.8114750146563243,-2.2132975900306437,2997.7400000000052,1081
2025-01-08,2025-01-08,Wednesday,2025-01-08 18:00:00+00:00,2025-01-09 12:00:00+00:00,94098.73,95382.32,92750.0,93423.9,1.4333137120979167,down,1.3640885482726612,1.4333137120979167,-0.7171510178724003,2632.320000000007,1081
2025-01-09,2025-01-09,Thursday,2025-01-09 18:00:00+00:00,2025-01-10 12:00:00+00:00,92674.1,95293.4,91203.67,95052.43,2.8263560153268155,up,2.8263560153268155,1.5866676881674682,2.566337304597495,4089.729999999996,1081
2025-01-10,2025-01-10,Friday,2025-01-10 18:00:00+00:00,2025-01-11 12:00:00+00:00,95444.49,95793.04,93831.73,94637.83,1.6897360968663664,down,0.36518608879358916,1.6897360968663664,-0.8451614126703422,1961.3099999999977,1081
2025-01-11,2025-01-11,Saturday,2025-01-11 18:00:00+00:00,2025-01-12 12:00:00+00:00,94179.66,95050.94,93711.19,94227.96,0.925125446407429,up,0.925125446407429,0.49742163010569496,0.051284958981592105,1339.75,1081
2025-01-12,2025-01-12,Sunday,2025-01-12 18:00:00+00:00,2025-01-13 12:00:00+00:00,95195.84,95940.0,90752.54,90791.36,4.66753589232471,down,0.7817148312363267,4.66753589232471,-4.626756799456779,5187.460000000006,1081
2025-01-13,2025-01-13,Monday,2025-01-13 18:00:00+00:00,2025-01-14 12:00:00+00:00,92102.21,97371.0,91593.85,96633.76,5.72059020082145,up,5.72059020082145,0.5519520107063669,4.9201316667645525,5777.149999999994,1081
2025-01-14,2025-01-14,Tuesday,2025-01-14 18:00:00+00:00,2025-01-15 12:00:00+00:00,96561.54,97724.96,96152.31,96722.81,1.204848224251615,up,1.204848224251615,0.42380227158762795,0.1670126636339935,1572.6500000000087,1081
2025-01-15,2025-01-15,Wednesday,2025-01-15 18:00:00+00:00,2025-01-16 12:00:00+00:00,98719.25,100866.66,98617.55,99077.13,2.175269767547873,up,2.175269767547873,0.10301942123749633,0.3625230134953463,2249.1100000000006,1081
2025-01-16,2025-01-16,Thursday,2025-01-16 18:00:00+00:00,2025-01-17 12:00:00+00:00,99885.85,102581.45,99260.45,102195.91,2.6986805438407853,up,2.6986805438407853,0.6261147099414068,2.312699946989486,3321.0,1081
2025-01-17,2025-01-17,Friday,2025-01-17 18:00:00+00:00,2025-01-18 12:00:00+00:00,104083.99,105865.22,102277.55,103517.24,1.7355599069559136,down,1.7113390829848047,1.7355599069559136,-0.5445121771369448,3587.6699999999983,1081
2025-01-18,2025-01-18,Saturday,2025-01-18 18:00:00+00:00,2025-01-19 12:00:00+00:00,103876.77,105634.78,103450.69,104373.89,1.6923995615188985,up,1.6923995615188985,0.41017832957262895,0.4785670559452275,2184.0899999999965,1081
2025-01-19,2025-01-19,Sunday,2025-01-19 18:00:00+00:00,2025-01-20 12:00:00+00:00,105128.01,109588.0,99550.0,108332.85,5.305921799528019,down,4.242437386572813,5.305921799528019,3.048511999799113,10038.0,1081
2025-01-20,2025-01-20,Monday,2025-01-20 18:00:00+00:00,2025-01-21 12:00:00+00:00,103545.75,104469.15,100119.04,103827.99,3.309368081258773,down,0.8917797205582982,3.309368081258773,0.27257516604979465,4350.110000000001,1081
2025-01-21,2025-01-21,Tuesday,2025-01-21 18:00:00+00:00,2025-01-22 12:00:00+00:00,106228.5,107240.81,104647.75,105133.01,1.4880658203777706,down,0.9529551862259165,1.4880658203777706,-1.0312580898723085,2593.0599999999977,1081
2025-01-22,2025-01-22,Wednesday,2025-01-22 18:00:00+00:00,2025-01-23 12:00:00+00:00,104376.0,104830.12,101262.28,101950.01,2.9831762090902134,down,0.4350808615007236,2.9831762090902134,-2.324279527860816,3567.8399999999965,1081
2025-01-23,2025-01-23,Thursday,2025-01-23 18:00:00+00:00,2025-01-24 12:00:00+00:00,105954.56,106421.03,102195.7,105479.51,3.5476151285985247,down,0.4402547658165927,3.5476151285985247,-0.4483525768027378,4225.330000000002,1081
2025-01-24,2025-01-24,Friday,2025-01-24 18:00:00+00:00,2025-01-25 12:00:00+00:00,106619.04,107120.0,104106.09,104623.99,2.3569430000495197,down,0.46985979239731146,2.3569430000495197,-1.8711948635065447,3013.9100000000035,1081
2025-01-25,2025-01-25,Saturday,2025-01-25 18:00:00+00:00,2025-01-26 12:00:00+00:00,104897.02,105500.0,104444.01,104793.59,0.5748304384624042,up,0.5748304384624042,0.4318616486912681,-0.09860146646683343,1055.9900000000052,1081
2025-01-26,2025-01-26,Sunday,2025-01-26 18:00:00+00:00,2025-01-27 12:00:00+00:00,104912.01,105260.36,97777.77,98850.0,6.800212864094387,down,0.33204015441130696,6.800212864094387,-5.778184976152868,7482.5899999999965,1081
2025-01-27,2025-01-27,Monday,2025-01-27 18:00:00+00:00,2025-01-28 12:00:00+00:00,99166.0,103371.24,98864.0,102726.03,4.240606659540574,up,4.240606659540574,0.3045398624528568,3.589970352741866,4507.240000000005,1081
2025-01-28,2025-01-28,Tuesday,2025-01-28 18:00:00+00:00,2025-01-29 12:00:00+00:00,102621.99,103108.0,100272.68,102672.51,2.2892851717258766,down,0.47359245323540766,2.2892851717258766,0.04922921490802265,2835.320000000007,1081
2025-01-29,2025-01-29,Wednesday,2025-01-29 18:00:00+00:00,2025-01-30 12:00:00+00:00,102476.31,105595.81,101400.01,105264.01,3.044118196683702,up,3.044118196683702,1.0502915259146266,2.720336046448196,4195.800000000003,1081
2025-01-30,2025-01-30,Thursday,2025-01-30 18:00:00+00:00,2025-01-31 12:00:00+00:00,105256.79,105821.62,103930.09,104670.73,1.26044125039344,down,0.5366209628851515,1.26044125039344,-0.5567906830523691,1891.5299999999988,1081
2025-01-31,2025-01-31,Friday,2025-01-31 18:00:00+00:00,2025-02-01 12:00:00+00:00,104560.0,104820.0,101412.0,102025.11,3.01071155317521,down,0.2486610558530987,3.01071155317521,-2.4243400918133124,3408.0,1081
2025-02-01,2025-02-01,Saturday,2025-02-01 18:00:00+00:00,2025-02-02 12:00:00+00:00,102228.44,102279.52,98645.0,98783.09,3.5053259151758573,down,0.049966525949140715,3.5053259151758573,-3.3702460880749094,3634.520000000004,1081
2025-02-02,2025-02-02,Sunday,2025-02-02 18:00:00+00:00,2025-02-03 12:00:00+00:00,97034.3,98700.0,91231.0,95247.1,5.980668691380267,down,1.7166094875729478,5.980668691380267,-1.8418229430211759,7469.0,1081
2025-02-03,2025-02-03,Monday,2025-02-03 18:00:00+00:00,2025-02-04 12:00:00+00:00,99042.0,102500.01,97860.0,99079.59,3.49145816926152,up,3.49145816926152,1.1934330889925486,0.037953595444353415,4640.009999999995,1081
2025-02-04,2025-02-04,Tuesday,2025-02-04 18:00:00+00:00,2025-02-05 12:00:00+00:00,99113.23,100777.93,96150.0,98226.82,2.9897421363424397,down,1.6795941369280336,2.9897421363424397,-0.8943407454282228,4627.929999999993,1081
2025-02-05,2025-02-05,Wednesday,2025-02-05 18:00:00+00:00,2025-02-06 12:00:00+00:00,97661.05,99120.0,96155.0,98967.4,1.5421194017471682,down,1.4938913722512681,1.5421194017471682,1.3376366524832481,2965.0,1081
2025-02-06,2025-02-06,Thursday,2025-02-06 18:00:00+00:00,2025-02-07 12:00:00+00:00,96647.23,97883.12,95676.64,97778.61,1.2787640163096237,up,1.2787640163096237,1.0042605463188097,1.170628480505861,2206.479999999996,1081
2025-02-07,2025-02-07,Friday,2025-02-07 18:00:00+00:00,2025-02-08 12:00:00+00:00,97311.27,98353.1,95620.34,96076.58,1.7376507366515797,down,1.0706159728467235,1.7376507366515797,-1.2688047335113417,2732.7600000000093,1081
2025-02-08,2025-02-08,Saturday,2025-02-08 18:00:00+00:00,2025-02-09 12:00:00+00:00,96406.77,97323.09,96235.23,96497.42,0.9504726690874432,up,0.9504726690874432,0.17793356213470085,0.0940286662440762,1087.8600000000006,1081
2025-02-09,2025-02-09,Sunday,2025-02-09 18:00:00+00:00,2025-02-10 12:00:00+00:00,96089.52,97954.69,94713.0,97726.0,1.9410753638898375,up,1.9410753638898375,1.4325391572358817,1.7030785459225897,3241.6900000000023,1081
2025-02-10,2025-02-10,Monday,2025-02-10 18:00:00+00:00,2025-02-11 12:00:00+00:00,97452.16,98478.42,97128.79,98143.84,1.053091075662145,up,1.053091075662145,0.3318243536110538,0.7097636419757068,1349.6300000000047,1081
2025-02-11,2025-02-11,Tuesday,2025-02-11 18:00:00+00:00,2025-02-12 12:00:00+00:00,96065.2,96512.7,94876.88,96132.82,1.2369932087790299,down,0.4658294574934524,1.2369932087790299,0.07038969366639522,1635.8199999999924,1081
2025-02-12,2025-02-12,Wednesday,2025-02-12 18:00:00+00:00,2025-02-13 12:00:00+00:00,97333.19,98119.99,95599.57,95884.01,1.7811190612369692,down,0.80835735477282,1.7811190612369692,-1.488885754181084,2520.4199999999983,1081
2025-02-13,2025-02-13,Thursday,2025-02-13 18:00:00+00:00,2025-02-14 12:00:00+00:00,95705.98,97248.6,95320.75,96820.26,1.611832405874753,up,1.611832405874753,0.4025140330834039,1.164274165522362,1927.8500000000058,1081
2025-02-14,2025-02-14,Friday,2025-02-14 18:00:00+00:00,2025-02-15 12:00:00+00:00,98638.02,98738.57,96697.56,97570.07,1.9672536005893126,down,0.10193838035273102,1.9672536005893126,-1.0826961044027414,2041.0100000000093,1081
2025-02-15,2025-02-15,Saturday,2025-02-15 18:00:00+00:00,2025-02-16 12:00:00+00:00,97391.34,97741.35,97061.58,97307.11,0.3593851362965222,up,0.3593851362965222,0.33859273319372624,-0.08648612905418071,679.7700000000041,1081
2025-02-16,2025-02-16,Sunday,2025-02-16 18:00:00+00:00,2025-02-17 12:00:00+00:00,96969.43,97282.38,95800.0,96074.28,1.2059780077081952,down,0.32273057601762917,1.2059780077081952,-0.923125978981205,1482.3800000000047,1081
2025-02-17,2025-02-17,Monday,2025-02-17 18:00:00+00:00,2025-02-18 12:00:00+00:00,95460.54,96413.43,95050.0,95655.0,0.9982030271356097,up,0.9982030271356097,0.4300625158835196,0.20370720718739535,1363.429999999993,1081
2025-02-18,2025-02-18,Tuesday,2025-02-18 18:00:00+00:00,2025-02-19 12:00:00+00:00,93873.25,96468.99,93388.09,96415.1,2.7651540774395316,up,2.7651540774395316,0.5168245479942406,2.707746882099007,3080.9000000000087,1081
2025-02-19,2025-02-19,Wednesday,2025-02-19 18:00:00+00:00,2025-02-20 12:00:00+00:00,96320.01,97384.03,95407.41,97299.99,1.1046718122226151,up,1.1046718122226151,0.9474666790420716,1.0174209907162703,1976.6199999999953,1081
2025-02-20,2025-02-20,Thursday,2025-02-20 18:00:00+00:00,2025-02-21 12:00:00+00:00,98022.0,98896.81,97943.34,98628.52,0.8924629164881329,up,0.8924629164881329,0.08024729142437768,0.6187590540899023,953.4700000000012,1081
2025-02-21,2025-02-21,Friday,2025-02-21 18:00:00+00:00,2025-02-22 12:00:00+00:00,96952.29,97223.4,94871.95,96603.78,2.1457358046932122,down,0.27963238413450636,2.1457358046932122,-0.3594654649209367,2351.449999999997,1081
2025-02-22,2025-02-22,Saturday,2025-02-22 18:00:00+00:00,2025-02-23 12:00:00+00:00,96679.19,96823.53,96083.33,96096.41,0.616327050319723,down,0.1492978995790061,0.616327050319723,-0.6027977685787385,740.1999999999971,1081
2025-02-23,2025-02-23,Sunday,2025-02-23 18:00:00+00:00,2025-02-24 12:00:00+00:00,95640.69,96500.0,95078.01,95777.0,0.8984774158362907,up,0.8984774158362907,0.5883269976408655,0.1425230202751545,1421.9900000000052,1081
2025-02-24,2025-02-24,Monday,2025-02-24 18:00:00+00:00,2025-02-25 12:00:00+00:00,94602.0,94852.59,86888.1,89185.32,8.15405593962072,down,0.26488869157099904,8.15405593962072,-5.725756326504718,7964.489999999991,1081
2025-02-25,2025-02-25,Tuesday,2025-02-25 18:00:00+00:00,2025-02-26 12:00:00+00:00,87258.97,89460.17,86508.76,88638.04,2.522605985378921,up,2.522605985378921,0.859751152231119,1.5804335072944276,2951.4100000000035,1081
2025-02-26,2025-02-26,Wednesday,2025-02-26 18:00:00+00:00,2025-02-27 12:00:00+00:00,86273.59,87078.46,82256.01,86655.92,4.656790102278116,down,0.9329274462787627,4.656790102278116,0.4431599519621262,4822.450000000012,1081
2025-02-27,2025-02-27,Thursday,2025-02-27 18:00:00+00:00,2025-02-28 12:00:00+00:00,84741.95,84990.24,78258.52,80403.09,7.650791609114487,down,0.2929953818622396,7.650791609114487,-5.120085152631018,6731.720000000001,1081
2025-02-28,2025-02-28,Friday,2025-02-28 18:00:00+00:00,2025-03-01 12:00:00+00:00,83737.1,86558.0,83196.71,84658.57,3.368757695215136,up,3.368757695215136,0.6453411928523909,1.1004321859725272,3361.2899999999936,1081
2025-03-01,2025-03-01,Saturday,2025-03-01 18:00:00+00:00,2025-03-02 12:00:00+00:00,85169.91,86589.97,85075.47,86092.0,1.667325937059224,up,1.667325937059224,0.1108842312971827,1.0826476158070337,1514.5,1081
2025-03-02,2025-03-02,Sunday,2025-03-02 18:00:00+00:00,2025-03-03 12:00:00+00:00,94319.73,94883.51,91142.0,92856.75,3.3691042160532017,down,0.597732839141926,3.3691042160532017,-1.5510858650676755,3741.5099999999948,1081
2025-03-03,2025-03-03,Monday,2025-03-03 18:00:00+00:00,2025-03-04 12:00:00+00:00,90434.02,90450.47,82464.84,83883.5,8.812148348597141,down,0.018190057237306368,8.812148348597141,-7.243424543108892,7985.630000000005,1081
2025-03-04,2025-03-04,Tuesday,2025-03-04 18:00:00+00:00,2025-03-05 12:00:00+00:00,85396.7,90660.0,85148.68,89950.0,6.163352916447595,up,6.163352916447595,0.29043276847934885,5.3319390561930415,5511.320000000007,1081
2025-03-05,2025-03-05,Wednesday,2025-03-05 18:00:00+00:00,2025-03-06 12:00:00+00:00,89542.01,92810.64,88881.66,91372.34,3.650387119967493,up,3.650387119967493,0.7374750689648258,2.044101980735078,3928.979999999996,1081
2025-03-06,2025-03-06,Thursday,2025-03-06 18:00:00+00:00,2025-03-07 12:00:00+00:00,88554.97,91283.02,84667.03,88948.0,4.390425517619172,down,3.080628902025491,4.390425517619172,0.44382602128372783,6615.990000000005,1081
2025-03-07,2025-03-07,Friday,2025-03-07 18:00:00+00:00,2025-03-08 12:00:00+00:00,87750.0,89023.41,85218.47,85970.0,2.8849344729344715,down,1.4511794871794912,2.8849344729344715,-2.0284900284900287,3804.9400000000023,1081
2025-03-08,2025-03-08,Saturday,2025-03-08 18:00:00+00:00,2025-03-09 12:00:00+00:00,85883.34,86500.0,84625.01,85024.4,1.4651619277964758,down,0.7180205148053203,1.4651619277964758,-1.0001241218611228,1874.9900000000052,1081
2025-03-09,2025-03-09,Sunday,2025-03-09 18:00:00+00:00,2025-03-10 12:00:00+00:00,82479.99,84123.46,80000.0,83398.67,3.006777765128251,down,1.9925681368293098,3.006777765128251,1.1138216675341412,4123.460000000006,1081
2025-03-10,2025-03-10,Monday,2025-03-10 18:00:00+00:00,2025-03-11 12:00:00+00:00,78435.07,82092.34,76606.0,81721.09,4.6627994339776695,up,4.6627994339776695,2.331954315843674,4.189477997533488,5486.3399999999965,1081
2025-03-11,2025-03-11,Tuesday,2025-03-11 18:00:00+00:00,2025-03-12 12:00:00+00:00,81489.64,83783.26,81288.61,83047.95,2.8146154529581864,up,2.8146154529581864,0.2466939355726677,1.9122798922660569,2494.649999999994,1081
2025-03-12,2025-03-12,Wednesday,2025-03-12 18:00:00+00:00,2025-03-13 12:00:00+00:00,81916.77,84336.33,81723.0,82942.0,2.9536809129559156,up,2.9536809129559156,0.2365449711945479,1.25155081187893,2613.3300000000017,1081
2025-03-13,2025-03-13,Thursday,2025-03-13 18:00:00+00:00,2025-03-14 12:00:00+00:00,80120.16,83348.46,79996.65,83210.99,4.029322956918711,up,4.029322956918711,0.15415595775146892,3.857743169759024,3351.810000000012,1081
2025-03-14,2025-03-14,Friday,2025-03-14 18:00:00+00:00,2025-03-15 12:00:00+00:00,84445.72,84929.45,83618.0,84055.01,0.9801799309663073,down,0.572829505154312,0.9801799309663073,-0.46267590589553437,1311.449999999997,1081
2025-03-15,2025-03-15,Saturday,2025-03-15 18:00:00+00:00,2025-03-16 12:00:00+00:00,84434.57,84476.46,82381.46,82505.98,2.4315988107714652,down,0.04961238033189416,2.4315988107714652,-2.284123671145611,2095.0,1081
2025-03-16,2025-03-16,Sunday,2025-03-16 18:00:00+00:00,2025-03-17 12:00:00+00:00,83954.55,84094.52,81981.12,83741.79,2.3505932674286356,down,0.1667211604374047,2.3505932674286356,-0.2534228341406265,2113.4000000000087,1081
2025-03-17,2025-03-17,Monday,2025-03-17 18:00:00+00:00,2025-03-18 12:00:00+00:00,84341.11,84756.83,82244.68,82538.07,2.4856561645916297,down,0.4929031643050479,2.4856561645916297,-2.1377949614369474,2512.1500000000087,1081
2025-03-18,2025-03-18,Tuesday,2025-03-18 18:00:00+00:00,2025-03-19 12:00:00+00:00,81516.82,84119.09,81245.65,83900.86,3.192310494938332,up,3.192310494938332,0.33265527286272056,2.924598874195526,2873.4400000000023,1081
2025-03-19,2025-03-19,Wednesday,2025-03-19 18:00:00+00:00,2025-03-20 12:00:00+00:00,84546.16,87453.67,83578.32,85419.88,3.438961627588993,up,3.438961627588993,1.1447474373762172,1.0334236350888097,3875.3499999999913,1081
2025-03-20,2025-03-20,Thursday,2025-03-20 18:00:00+00:00,2025-03-21 12:00:00+00:00,84095.21,84850.33,83700.47,84064.47,0.8979346148252622,up,0.8979346148252622,0.46939653281085236,-0.03655380609669116,1149.8600000000006,1081
2025-03-21,2025-03-21,Friday,2025-03-21 18:00:00+00:00,2025-03-22 12:00:00+00:00,83999.27,84584.0,83800.0,84246.65,0.6961131924122625,up,0.6961131924122625,0.2372282521026719,0.2945025593674684,784.0,1081
2025-03-22,2025-03-22,Saturday,2025-03-22 18:00:00+00:00,2025-03-23 12:00:00+00:00,84249.2,85027.32,83625.1,84727.49,0.9235933397587276,up,0.9235933397587276,0.7407785474520723,0.5677086548002926,1402.2200000000012,1081
2025-03-23,2025-03-23,Sunday,2025-03-23 18:00:00+00:00,2025-03-24 12:00:00+00:00,85001.48,87909.99,84800.0,87582.07,3.4217168924588246,up,3.4217168924588246,0.23703116698673474,3.035935374301731,3109.9900000000052,1081
2025-03-24,2025-03-24,Monday,2025-03-24 18:00:00+00:00,2025-03-25 12:00:00+00:00,88422.94,88536.0,86310.0,87422.01,2.389583517580395,down,0.12786274692969682,2.389583517580395,-1.1319800042839647,2226.0,1081
2025-03-25,2025-03-25,Tuesday,2025-03-25 18:00:00+00:00,2025-03-26 12:00:00+00:00,87949.99,88539.63,87030.56,87969.77,1.0454009147698682,down,0.6704264548523534,1.0454009147698682,0.022490053722574423,1509.070000000007,1081
2025-03-26,2025-03-26,Wednesday,2025-03-26 18:00:00+00:00,2025-03-27 12:00:00+00:00,86637.99,87756.39,85860.0,86860.89,1.2908886736638214,up,1.2908886736638214,0.897977896301617,0.2572774368380363,1896.3899999999994,1081
2025-03-27,2025-03-27,Thursday,2025-03-27 18:00:00+00:00,2025-03-28 12:00:00+00:00,86922.0,87728.27,84800.0,85249.05,2.4412691838659946,down,0.9275787487632636,2.4412691838659946,-1.924656588665697,2928.270000000004,1081
2025-03-28,2025-03-28,Friday,2025-03-28 18:00:00+00:00,2025-03-29 12:00:00+00:00,84045.5,84624.73,82007.0,82241.75,2.4254719169973407,down,0.6891862146099386,2.4254719169973407,-2.1461589258199427,2617.729999999996,1081
2025-03-29,2025-03-29,Saturday,2025-03-29 18:00:00+00:00,2025-03-30 12:00:00+00:00,82290.6,83534.64,82209.59,83155.33,1.511764405655073,up,1.511764405655073,0.0984438076767083,1.0508247600576444,1325.050000000003,1081
2025-03-30,2025-03-30,Sunday,2025-03-30 18:00:00+00:00,2025-03-31 12:00:00+00:00,82460.15,82908.11,81278.52,82273.59,1.4329709562740187,down,0.5432442216028063,1.4329709562740187,-0.2262426153723922,1629.5899999999965,1081
2025-03-31,2025-03-31,Monday,2025-03-31 18:00:00+00:00,2025-04-01 12:00:00+00:00,82760.2,84504.74,82265.1,83976.98,2.107945606704682,up,2.107945606704682,0.5982344170265312,1.470247776104938,2239.6399999999994,1081
2025-04-01,2025-04-01,Tuesday,2025-04-01 18:00:00+00:00,2025-04-02 12:00:00+00:00,85041.37,85579.46,83904.72,84620.1,1.3365847704476,down,0.6327391009811003,1.3365847704476,-0.4953706648893233,1674.7400000000052,1081
2025-04-02,2025-04-02,Wednesday,2025-04-02 18:00:00+00:00,2025-04-03 12:00:00+00:00,86592.01,88500.0,82175.98,83125.62,5.099812326795508,down,2.203425004223837,5.099812326795508,-4.00312915706657,6324.020000000004,1081
2025-04-03,2025-04-03,Thursday,2025-04-03 18:00:00+00:00,2025-04-04 12:00:00+00:00,81907.99,84720.0,81540.0,82506.59,3.4331327139147167,up,3.4331327139147167,0.44927240919964606,0.7308200335522715,3180.0,1081
2025-04-04,2025-04-04,Friday,2025-04-04 18:00:00+00:00,2025-04-05 12:00:00+00:00,84467.68,84584.91,83297.66,83429.2,1.3851688598526555,down,0.1387868117130842,1.3851688598526555,-1.2294406570655143,1287.25,1081
2025-04-05,2025-04-05,Saturday,2025-04-05 18:00:00+00:00,2025-04-06 12:00:00+00:00,82887.12,83817.63,82666.0,82814.36,1.122623153030301,up,1.122623153030301,0.26677244908496683,-0.08778203416887301,1151.6300000000047,1081
2025-04-06,2025-04-06,Sunday,2025-04-06 18:00:00+00:00,2025-04-07 12:00:00+00:00,80649.02,80808.81,74508.0,76879.91,7.614500461381929,down,0.19813011987001652,7.614500461381929,-4.673472783674247,6300.809999999998,1081
2025-04-07,2025-04-07,Monday,2025-04-07 18:00:00+00:00,2025-04-08 12:00:00+00:00,78960.7,80867.99,78019.9,80116.01,2.415492770454173,up,2.415492770454173,1.1914787989468216,1.4631455901480075,2848.090000000011,1081
2025-04-08,2025-04-08,Tuesday,2025-04-08 18:00:00+00:00,2025-04-09 12:00:00+00:00,77330.0,77999.99,74620.0,76284.9,3.5044613991982416,down,0.8664037242984679,3.5044613991982416,-1.3514806672701485,3379.9900000000052,1081
2025-04-09,2025-04-09,Wednesday,2025-04-09 18:00:00+00:00,2025-04-10 12:00:00+00:00,82188.85,83588.0,81292.99,81805.75,1.7023598699823566,up,1.7023598699823566,1.0900018676499312,-0.46612162112014677,2295.0099999999948,1081
2025-04-10,2025-04-10,Thursday,2025-04-10 18:00:00+00:00,2025-04-11 12:00:00+00:00,79374.0,82985.71,78969.58,82229.74,4.5502431526696485,up,4.5502431526696485,0.5095119308589693,3.597828004132342,4016.1300000000047,1081
2025-04-11,2025-04-11,Friday,2025-04-11 18:00:00+00:00,2025-04-12 12:00:00+00:00,83883.98,84300.0,82792.95,83571.12,1.3006416719855196,down,0.4959469018995094,1.3006416719855196,-0.3729675201391262,1507.050000000003,1081
2025-04-12,2025-04-12,Saturday,2025-04-12 18:00:00+00:00,2025-04-13 12:00:00+00:00,84840.0,86100.0,84216.15,84510.01,1.4851485148514851,up,1.4851485148514851,0.7353253182461171,-0.38895568128242014,1883.8500000000058,1081
2025-04-13,2025-04-13,Sunday,2025-04-13 18:00:00+00:00,2025-04-14 12:00:00+00:00,84770.79,85544.3,83034.23,84997.14,2.048535822303883,down,0.9124723268475018,2.048535822303883,0.2670141448487219,2510.070000000007,1081
2025-04-14,2025-04-14,Monday,2025-04-14 18:00:00+00:00,2025-04-15 12:00:00+00:00,84860.02,86000.0,84347.97,85543.7,1.3433652266402907,up,1.3433652266402907,0.6034054670267611,0.8056561853273106,1652.0299999999988,1081
2025-04-15,2025-04-15,Tuesday,2025-04-15 18:00:00+00:00,2025-04-16 12:00:00+00:00,84452.0,84608.68,83111.64,84086.79,1.587126415004974,down,0.18552550561264744,1.587126415004974,-0.4324468337043604,1497.0399999999936,1081
2025-04-16,2025-04-16,Wednesday,2025-04-16 18:00:00+00:00,2025-04-17 12:00:00+00:00,83502.25,85053.38,83276.0,84657.65,1.8575906637246355,up,1.8575906637246355,0.2709507827633387,1.3836752901867844,1777.3800000000047,1081
2025-04-17,2025-04-17,Thursday,2025-04-17 18:00:00+00:00,2025-04-18 12:00:00+00:00,85115.8,85470.01,84413.23,84695.29,0.8254284163457396,down,0.4161507029247118,0.8254284163457396,-0.49404458396679496,1056.7799999999988,1081
2025-04-18,2025-04-18,Friday,2025-04-18 18:00:00+00:00,2025-04-19 12:00:00+00:00,84556.12,85436.72,84342.15,85217.39,1.0414385144446148,up,1.0414385144446148,0.2530508731952237,0.782048655969555,1094.570000000007,1081
2025-04-19,2025-04-19,Saturday,2025-04-19 18:00:00+00:00,2025-04-20 12:00:00+00:00,85189.73,85367.93,83949.52,84099.31,1.4558210244356824,down,0.20918014413239377,1.4558210244356824,-1.2799899706220437,1418.409999999989,1081
2025-04-20,2025-04-20,Sunday,2025-04-20 18:00:00+00:00,2025-04-21 12:00:00+00:00,84578.68,87795.26,84467.94,86987.94,3.803062426606802,up,3.803062426606802,0.13093134108972934,2.848542918853793,3327.3199999999924,1081
2025-04-21,2025-04-21,Monday,2025-04-21 18:00:00+00:00,2025-04-22 12:00:00+00:00,86740.45,88877.0,86637.47,88603.77,2.463153004163574,up,2.463153004163574,0.11872200340209894,2.1481557912139113,2239.529999999999,1081
2025-04-22,2025-04-22,Tuesday,2025-04-22 18:00:00+00:00,2025-04-23 12:00:00+00:00,91439.45,94521.79,90905.0,93529.99,3.3709082895839777,up,3.3709082895839777,0.5844851429005721,2.286256096247307,3616.7899999999936,1081
2025-04-23,2025-04-23,Wednesday,2025-04-23 18:00:00+00:00,2025-04-24 12:00:00+00:00,93930.17,94219.93,91660.01,92604.59,2.416859247673036,down,0.308484483739351,2.416859247673036,-1.4112398604197158,2559.9199999999983,1081
2025-04-24,2025-04-24,Thursday,2025-04-24 18:00:00+00:00,2025-04-25 12:00:00+00:00,93015.67,94810.81,92855.96,94701.19,1.9299328812016292,up,1.9299328812016292,0.17170225188937718,1.8120817707382035,1954.8499999999913,1081
2025-04-25,2025-04-25,Friday,2025-04-25 18:00:00+00:00,2025-04-26 12:00:00+00:00,94591.61,95345.45,93990.6,94189.34,0.7969417160781981,up,0.7969417160781981,0.6353734755122518,-0.42527027502756753,1354.8499999999913,1081
2025-04-26,2025-04-26,Saturday,2025-04-26 18:00:00+00:00,2025-04-27 12:00:00+00:00,94284.22,95369.0,93655.0,93913.05,1.1505424767792518,up,1.1505424767792518,0.667365122180574,-0.39367139061021905,1714.0,1081
2025-04-27,2025-04-27,Sunday,2025-04-27 18:00:00+00:00,2025-04-28 12:00:00+00:00,94039.27,95550.0,92800.01,95263.01,1.6064884382875324,up,1.6064884382875324,1.3178111654843867,1.3013074218887393,2749.9900000000052,1081
2025-04-28,2025-04-28,Monday,2025-04-28 18:00:00+00:00,2025-04-29 12:00:00+00:00,94102.4,95461.53,93787.61,95143.95,1.444309603155716,up,1.444309603155716,0.3345185670078485,1.1068261808412994,1673.9199999999983,1081
2025-04-29,2025-04-29,Tuesday,2025-04-29 18:00:00+00:00,2025-04-30 12:00:00+00:00,95279.99,95448.84,93742.54,95151.14,1.6136126798502095,down,0.1772145442080664,1.6136126798502095,-0.13523301167433563,1706.300000000003,1081
2025-04-30,2025-04-30,Wednesday,2025-04-30 18:00:00+00:00,2025-05-01 12:00:00+00:00,94056.22,96396.31,93757.63,96216.6,2.487969429347678,up,2.487969429347678,0.31745906862937556,2.296902852357882,2638.679999999993,1081
2025-05-01,2025-05-01,Thursday,2025-05-01 18:00:00+00:00,2025-05-02 12:00:00+00:00,96824.69,97309.78,96184.19,96891.97,0.6615048289852515,down,0.5009982474511372,0.6615048289852515,0.06948640889012796,1125.5899999999965,1081
2025-05-02,2025-05-02,Friday,2025-05-02 18:00:00+00:00,2025-05-03 12:00:00+00:00,97402.38,97619.0,95852.29,95965.98,1.5914292854035097,down,0.2223970297234989,1.5914292854035097,-1.4747072915466837,1766.7100000000064,1081
2025-05-03,2025-05-03,Saturday,2025-05-03 18:00:00+00:00,2025-05-04 12:00:00+00:00,96174.01,96441.49,95286.78,95420.41,0.9225257426616568,down,0.27812087693963317,0.9225257426616568,-0.7835796802067329,1154.7100000000064,1081
2025-05-04,2025-05-04,Sunday,2025-05-04 18:00:00+00:00,2025-05-05 12:00:00+00:00,95410.08,95758.08,93514.1,94000.01,1.9871904519941666,down,0.3647413355066886,1.9871904519941666,-1.477904640683675,2243.979999999996,1081
2025-05-05,2025-05-05,Monday,2025-05-05 18:00:00+00:00,2025-05-06 12:00:00+00:00,94500.01,95199.0,93720.63,93813.85,0.8247406534665871,down,0.7396718793998067,0.8247406534665871,-0.7260951612597597,1478.3699999999953,1081
2025-05-06,2025-05-06,Tuesday,2025-05-06 18:00:00+00:00,2025-05-07 12:00:00+00:00,94560.0,97732.0,94452.75,97086.1,3.3544839255499155,up,3.3544839255499155,0.11342005076142132,2.6714255499154036,3279.25,1081
2025-05-07,2025-05-07,Wednesday,2025-05-07 18:00:00+00:00,2025-05-08 12:00:00+00:00,96403.13,99888.0,95784.61,99429.28,3.614893001918086,up,3.614893001918086,0.6415974253118172,3.139057829346406,4103.389999999999,1081
2025-05-08,2025-05-08,Thursday,2025-05-08 18:00:00+00:00,2025-05-09 12:00:00+00:00,101099.99,104361.3,100970.0,102974.51,3.225826234008527,up,3.225826234008527,0.12857568037346517,1.854124812475243,3391.300000000003,1081
2025-05-09,2025-05-09,Friday,2025-05-09 18:00:00+00:00,2025-05-10 12:00:00+00:00,103209.7,104100.0,102727.25,103466.49,0.8626127195408987,up,0.8626127195408987,0.4674463737420001,0.2488041337199974,1372.75,1081
2025-05-10,2025-05-10,Saturday,2025-05-10 18:00:00+00:00,2025-05-11 12:00:00+00:00,103233.16,104984.57,103005.33,104681.97,1.696557578979471,up,1.696557578979471,0.2206945907690918,1.4034347103198213,1979.2400000000052,1081
2025-05-11,2025-05-11,Sunday,2025-05-11 18:00:00+00:00,2025-05-12 12:00:00+00:00,104031.2,105819.45,103569.77,103800.85,1.7189554672059921,up,1.7189554672059921,0.44354962741945975,-0.22142395742814777,2249.679999999993,1081
2025-05-12,2025-05-12,Monday,2025-05-12 18:00:00+00:00,2025-05-13 12:00:00+00:00,102573.27,103822.03,100718.37,103726.88,1.8083658637381927,down,1.2174321828679096,1.8083658637381927,1.1246692242530636,3103.6600000000035,1081
2025-05-13,2025-05-13,Tuesday,2025-05-13 18:00:00+00:00,2025-05-14 12:00:00+00:00,104285.53,104976.25,102875.22,103975.33,1.3523544445715505,down,0.6623354170036833,1.3523544445715505,-0.29745258042989964,2101.029999999999,1081
2025-05-14,2025-05-14,Wednesday,2025-05-14 18:00:00+00:00,2025-05-15 12:00:00+00:00,103238.1,103866.51,101500.0,102335.93,1.6835838706834063,down,0.6086996951706675,1.6835838706834063,-0.8738731146737616,2366.5099999999948,1081
2025-05-15,2025-05-15,Thursday,2025-05-15 18:00:00+00:00,2025-05-16 12:00:00+00:00,103959.48,104466.01,102552.35,103609.16,1.3535369742134051,down,0.48723791230967956,1.3535369742134051,-0.33697744544315966,1913.659999999989,1081
2025-05-16,2025-05-16,Friday,2025-05-16 18:00:00+00:00,2025-05-17 12:00:00+00:00,103844.78,104094.9,102612.5,102997.98,1.1866556990153947,down,0.24085948277804176,1.1866556990153947,-0.8154478251097483,1482.3999999999942,1081
2025-05-17,2025-05-17,Saturday,2025-05-17 18:00:00+00:00,2025-05-18 12:00:00+00:00,103125.47,104088.2,102900.72,103806.1,0.9335521089018997,up,0.9335521089018997,0.2179384006686224,0.6600018404764649,1187.479999999996,1081
2025-05-18,2025-05-18,Sunday,2025-05-18 18:00:00+00:00,2025-05-19 12:00:00+00:00,104771.2,107108.62,102000.0,102900.02,2.6450016798509486,down,2.2309756879753198,2.6450016798509486,-1.7859678995754493,5108.619999999995,1081
2025-05-19,2025-05-19,Monday,2025-05-19 18:00:00+00:00,2025-05-20 12:00:00+00:00,105429.3,106853.27,104633.55,105185.35,1.3506397178014093,up,1.3506397178014093,0.7547712068656436,-0.2313872898710293,2219.720000000001,1081
2025-05-20,2025-05-20,Tuesday,2025-05-20 18:00:00+00:00,2025-05-21 12:00:00+00:00,106181.82,107985.05,105220.0,106514.33,1.6982474024272665,up,1.6982474024272665,0.9058236146263144,0.31315153573370164,2765.050000000003,1081
2025-05-21,2025-05-21,Wednesday,2025-05-21 18:00:00+00:00,2025-05-22 12:00:00+00:00,106520.01,111880.0,106317.0,110986.58,5.0319090281722705,up,5.0319090281722705,0.19058391000901592,4.193174596960709,5563.0,1081
2025-05-22,2025-05-22,Thursday,2025-05-22 18:00:00+00:00,2025-05-23 12:00:00+00:00,111509.28,111953.85,108650.0,108664.72,2.5641632696399785,down,0.3986843068128563,2.5641632696399785,-2.5509625745946862,3303.850000000006,1081
2025-05-23,2025-05-23,Friday,2025-05-23 18:00:00+00:00,2025-05-24 12:00:00+00:00,109434.8,109506.03,106800.0,109229.09,2.4076436380383597,down,0.06508898449121844,2.4076436380383597,-0.187974940329773,2706.029999999999,1081
2025-05-24,2025-05-24,Saturday,2025-05-24 18:00:00+00:00,2025-05-25 12:00:00+00:00,108940.0,109125.0,106708.98,107272.73,2.0479346429227134,down,0.16981824857719846,2.0479346429227134,-1.530447953001656,2416.020000000004,1081
2025-05-25,2025-05-25,Sunday,2025-05-25 18:00:00+00:00,2025-05-26 12:00:00+00:00,107310.77,110228.11,107176.0,109818.18,2.718590128465201,up,2.718590128465201,0.12558851269076168,2.3365874646132805,3052.1100000000006,1081
2025-05-26,2025-05-26,Monday,2025-05-26 18:00:00+00:00,2025-05-27 12:00:00+00:00,109125.48,109296.32,109010.97,109272.73,0.1565537214590131,up,0.1565537214590131,0.10493424633733091,0.13493640531982082,285.3500000000058,28
