expiry_date,period_start,period_end,duration_days,trading_days,start_open,start_close,end_close,period_high,period_low,true_volatility_pct,direction,upward_vol_pct,downward_vol_pct,net_change_pct,range_abs
2021-01-07,2021-01-08,2021-01-14,6,5,14258.4,14347.25,14595.6,14653.35,14221.65,2.7699461370139757,up,2.7699461370139757,0.25774280424171014,2.3649217303484313,431.7000000000007
2021-01-14,2021-01-15,2021-01-21,6,5,14594.35,14433.7,14590.35,14753.55,14222.8,2.5458482220859517,down,1.090833096369478,2.5458482220859517,-0.027407866742951897,530.75
2021-01-21,2021-01-22,2021-01-28,6,4,14583.4,14371.9,13817.55,14619.9,13713.25,5.9667155807287715,down,0.2502845701276794,5.9667155807287715,-5.2515188501995445,906.6499999999996
2021-01-28,2021-01-29,2021-02-04,6,5,13946.6,13634.6,14895.65,14913.7,13596.75,6.934306569343068,up,6.934306569343068,2.5084966945348715,6.804884344571431,1316.9500000000007
2021-02-04,2021-02-05,2021-02-11,6,5,14952.6,14924.25,15173.3,15257.1,14864.75,2.036435135026684,up,2.036435135026684,0.5875232401054021,1.4759974853871494,392.35000000000036
2021-02-11,2021-02-12,2021-02-18,6,5,15186.2,15163.3,15118.95,15431.75,15078.05,1.6169285272154932,up,1.6169285272154932,0.7121597239599206,-0.44283625923535835,353.7000000000007
2021-02-18,2021-02-19,2021-02-25,6,5,15074.8,14981.75,15097.35,15176.5,14635.05,2.9171199617905383,down,0.6746358160638997,2.9171199617905383,0.14958739087749817,541.4500000000007
2021-02-25,2021-02-26,2021-03-04,6,5,14888.6,14529.15,15080.75,15273.15,14467.75,2.8266593232406025,down,2.582848622435953,2.8266593232406025,1.2905847426890347,805.3999999999996
2021-03-04,2021-03-05,2021-03-18,13,9,14977.95,14938.1,14557.85,15336.3,14478.6,3.333900834226315,down,2.3925169999899754,3.333900834226315,-2.804789707536748,857.6999999999989
2021-03-18,2021-03-19,2021-03-25,6,5,14471.15,14744.0,14324.9,14878.6,14264.4,2.8156020772364374,up,2.8156020772364374,1.4287046986590561,-1.0106314978422586,614.2000000000007
2021-03-25,2021-03-26,2021-04-01,6,4,14506.3,14507.3,14867.35,14883.2,14414.25,2.598181479770868,up,2.598181479770868,0.6345518843536896,2.488918607777318,468.9500000000007
2021-04-01,2021-04-05,2021-04-08,3,4,14837.7,14637.8,14873.8,14984.15,14459.5,2.54891256731165,down,0.9870128119587194,2.54891256731165,0.24329916361699283,524.6499999999996
2021-04-08,2021-04-09,2021-04-15,6,4,14882.65,14834.85,14581.45,14918.45,14248.7,4.2596580582087125,down,0.24054855822048557,4.2596580582087125,-2.0238331211175358,669.75
2021-04-15,2021-04-16,2021-04-22,6,4,14599.6,14617.85,14406.15,14697.7,14151.4,3.0699471218389593,down,0.6719362174306169,3.0699471218389593,-1.3250363023644534,546.3000000000011
2021-04-22,2021-04-23,2021-04-29,6,5,14326.35,14341.35,14894.9,15044.35,14273.3,5.011744093924831,up,5.011744093924831,0.37029669106228097,3.9685614270208345,771.0500000000011
2021-04-29,2021-04-30,2021-05-06,6,5,14747.35,14631.1,14724.8,14855.45,14416.25,2.245149128487493,down,0.7330130498021703,2.245149128487493,-0.15290882768769365,439.2000000000007
2021-05-06,2021-05-07,2021-05-20,13,9,14816.85,14823.15,14906.05,15137.25,14591.9,2.1624029398961295,up,2.1624029398961295,1.518203936734196,0.6020172978736973,545.3500000000004
2021-05-20,2021-05-21,2021-05-27,6,5,14987.8,15175.3,15337.85,15384.55,14985.85,2.647153017787801,up,2.647153017787801,0.013010581939970569,2.335566260558595,398.6999999999989
2021-05-27,2021-05-28,2021-06-03,6,5,15421.2,15435.65,15690.35,15705.1,15374.0,1.840972168184056,up,1.840972168184056,0.3060721604025674,1.7453246180582551,331.10000000000036
2021-06-03,2021-06-04,2021-06-10,6,5,15712.5,15670.25,15737.75,15800.45,15566.9,0.9266507557677032,down,0.5597454256165519,0.9266507557677032,0.1607000795544948,233.5500000000011
2021-06-10,2021-06-11,2021-06-17,6,5,15796.45,15799.35,15691.4,15901.6,15606.5,1.2024853685480013,down,0.6656558910388071,1.2024853685480013,-0.665022837409678,295.10000000000036
2021-06-17,2021-06-18,2021-06-24,6,5,15756.5,15683.35,15790.45,15895.75,15450.9,1.9395170247199591,down,0.8837622568463809,1.9395170247199591,0.2154666328182066,444.85000000000036
2021-06-24,2021-06-25,2021-07-01,6,5,15839.35,15860.35,15680.0,15915.65,15667.05,1.0877971633937067,down,0.48171168640126816,1.0877971633937067,-1.0060387579035779,248.60000000000036
2021-07-01,2021-07-02,2021-07-08,6,5,15705.85,15722.2,15727.9,15914.2,15635.95,1.3265757663545772,up,1.3265757663545772,0.44505709655955983,0.1403935476271534,278.25
2021-07-08,2021-07-09,2021-07-15,6,5,15688.25,15689.8,15924.2,15952.35,15632.75,1.683425493601902,up,1.683425493601902,0.3537679473491307,1.5039918410275253,319.60000000000036
2021-07-15,2021-07-16,2021-07-22,6,4,15958.35,15923.4,15824.05,15962.25,15578.55,2.3799452950963045,down,0.024438616774288293,2.3799452950963045,-0.8415657007146797,383.7000000000007
2021-07-22,2021-07-23,2021-07-29,6,5,15856.8,15856.05,15778.45,15899.8,15513.45,2.1653170879370274,down,0.27117703445840274,2.1653170879370274,-0.4941097825538479,386.34999999999854
2021-07-29,2021-07-30,2021-08-05,6,5,15800.6,15763.05,16294.6,16349.45,15744.85,3.4736022682682957,up,3.4736022682682957,0.35283470247965265,3.1264635520170123,604.6000000000004
2021-08-05,2021-08-06,2021-08-12,6,5,16304.4,16238.2,16364.4,16375.5,16162.55,0.8700105492995778,down,0.4360786045484677,0.8700105492995778,0.36799882240376836,212.95000000000073
2021-08-12,2021-08-13,2021-08-26,13,9,16385.7,16529.1,16636.9,16712.45,16376.05,1.9941168213747351,up,1.9941168213747351,0.05889281507656954,1.5330440567079875,336.40000000000146
2021-08-26,2021-08-27,2021-09-02,6,5,16642.55,16705.2,17234.15,17245.5,16565.6,3.6229423976494033,up,3.6229423976494033,0.4623690480124784,3.5547437141543945,679.9000000000015
2021-09-02,2021-09-03,2021-09-09,6,5,17262.45,17323.6,17369.25,17436.5,17212.2,1.0082578081326767,up,1.0082578081326767,0.2910942537125379,0.6186839063979868,224.29999999999927
2021-09-09,2021-09-13,2021-09-16,3,4,17363.55,17355.3,17629.5,17644.6,17269.15,1.6186206161758354,up,1.6186206161758354,0.5436676255719471,1.5316568328481257,375.4499999999971
2021-09-16,2021-09-17,2021-09-23,6,5,17709.65,17585.15,17822.95,17843.9,17326.1,2.1657683805157237,down,0.7580612829728425,2.1657683805157237,0.6397641963562197,517.8000000000029
2021-09-23,2021-09-24,2021-09-30,6,5,17897.45,17853.2,17618.15,17947.65,17576.1,1.795507181190629,down,0.28048688500317487,1.795507181190629,-1.560557509589351,371.5500000000029
2021-09-30,2021-10-01,2021-10-07,6,5,17531.9,17532.05,17790.35,17884.6,17452.9,2.011761417758469,up,2.011761417758469,0.4506071789138656,1.4741699416492056,431.6999999999971
2021-10-07,2021-10-08,2021-10-14,6,5,17886.85,17895.2,18338.55,18350.75,17839.1,2.593525411126059,up,2.593525411126059,0.2669558921777731,2.525318879512048,511.65000000000146
2021-10-14,2021-10-18,2021-10-21,3,4,18500.1,18477.05,18178.1,18604.45,18048.0,2.443770574213105,down,0.5640510051297138,2.443770574213105,-1.74053113226415,556.4500000000007
2021-10-21,2021-10-22,2021-10-28,6,5,18230.7,18114.9,17857.25,18342.05,17799.45,2.3655153120834638,down,0.6107829101460642,2.3655153120834638,-2.0484676946030635,542.5999999999985
2021-10-28,2021-10-29,2021-11-04,6,5,17833.05,17671.65,17916.8,18012.25,17613.1,1.233384081803173,down,1.0048757784002218,1.233384081803173,0.46963362969318206,399.15000000000146
2021-11-04,2021-11-08,2021-11-11,3,4,18040.2,18068.55,17873.6,18112.6,17798.2,1.3414485426990832,down,0.4013259276504573,1.3414485426990832,-0.9234930876597941,314.3999999999978
2021-11-11,2021-11-12,2021-11-18,6,5,17977.6,18102.75,17764.8,18210.15,17688.5,1.608112317550722,down,1.2935542007832133,1.608112317550722,-1.1836952652189352,521.6500000000015
2021-11-18,2021-11-22,2021-11-25,3,4,17796.25,17416.55,17536.25,17805.25,17216.1,3.2599564514996215,down,0.05057245206152982,3.2599564514996215,-1.4609819484441946,589.1500000000015
2021-11-25,2021-11-26,2021-12-02,6,5,17338.75,17026.45,17401.65,17420.35,16782.4,3.2087088169562317,down,0.4706221613438024,3.2087088169562317,0.3627712493691959,637.9499999999971
2021-12-02,2021-12-03,2021-12-09,6,5,17424.9,17196.7,17516.85,17543.25,16891.7,3.059988866507129,down,0.6792004545219688,3.059988866507129,0.5276931287984269,651.5499999999993
2021-12-09,2021-12-10,2021-12-16,6,5,17476.05,17511.3,17248.4,17639.5,17184.95,1.6657082120959745,down,0.9352799974822728,1.6657082120959745,-1.302639898604077,454.5499999999993
2021-12-16,2021-12-17,2021-12-23,6,5,17276.0,16985.2,17072.6,17298.15,16410.2,5.011576753878208,down,0.1282125492012124,5.011576753878208,-1.1773558694142248,887.9500000000007
2021-12-23,2021-12-24,2021-12-30,6,5,17149.5,17003.75,17203.95,17285.95,16833.2,1.844368640485141,down,0.7956500189509941,1.844368640485141,0.31750196798740915,452.75
2021-12-30,2021-12-31,2022-01-06,6,5,17244.5,17354.05,17745.9,17944.7,17238.5,4.06042506306359,up,4.06042506306359,0.034793702339876484,2.9075937255356865,706.2000000000007
2022-01-06,2022-01-07,2022-01-13,6,5,17797.6,17812.7,18257.8,18272.25,17704.55,2.666932620128565,up,2.666932620128565,0.5228233020182456,2.5857418977839752,567.7000000000007
2022-01-13,2022-01-14,2022-01-20,6,5,18185.0,18255.75,17757.0,18350.95,17648.45,2.950508660984324,down,0.9125653010723163,2.950508660984324,-2.3535881220786363,702.5
2022-01-20,2022-01-21,2022-01-27,6,4,17613.7,17617.15,17110.15,17707.6,16836.8,4.4107711610848455,down,0.5331077513526279,4.4107711610848455,-2.8588541873655124,870.7999999999993
2022-01-27,2022-01-28,2022-02-03,6,5,17208.3,17101.95,17560.2,17794.6,17077.1,3.4070768175822095,up,3.4070768175822095,0.762422784354066,2.0449434284618553,717.5
2022-02-03,2022-02-04,2022-02-10,6,5,17590.2,17516.3,17605.85,17639.45,17043.65,3.1071278325431164,down,0.2799854464417687,3.1071278325431164,0.08896999465610292,595.7999999999993
2022-02-10,2022-02-11,2022-02-17,6,5,17451.0,17374.75,17304.6,17490.6,16809.65,3.675147556013974,down,0.2269210933470778,3.675147556013974,-0.8389204057074175,680.9499999999971
2022-02-17,2022-02-18,2022-02-24,6,5,17236.05,17276.3,16247.95,17380.8,16203.25,5.992092155685318,down,0.8398095851427676,5.992092155685318,-5.732751993641226,1177.5499999999993
2022-02-24,2022-02-25,2022-03-03,6,4,16515.65,16658.4,16498.05,16815.9,16356.3,1.8179726501833107,up,1.8179726501833107,0.9648424373246114,-0.10656559081841878,459.6000000000022
2022-03-03,2022-03-04,2022-03-10,6,5,16339.45,16245.35,16594.9,16757.3,15671.45,4.088264904877459,down,2.557307620513533,4.088264904877459,1.5633941166930387,1085.8499999999985
2022-03-10,2022-03-11,2022-03-17,6,5,16528.8,16630.45,17287.05,17344.6,16470.9,4.935627510769078,up,4.935627510769078,0.35029766226222,4.587447364599971,873.6999999999971
2022-03-17,2022-03-21,2022-03-24,3,4,17329.5,17117.6,17222.75,17442.4,17006.3,1.865027842695985,down,0.6514902334170141,1.865027842695985,-0.6160016157419429,436.1000000000022
2022-03-24,2022-03-25,2022-03-31,6,5,17289.0,17153.0,17464.75,17559.8,17003.9,1.649025391867653,down,1.5663138411706825,1.649025391867653,1.0165423101393951,555.8999999999978
2022-03-31,2022-04-01,2022-04-07,6,5,17436.9,17670.45,17639.55,18114.65,17422.7,3.886872093089941,up,3.886872093089941,0.08143649387219476,1.1621905269858621,691.9500000000007
2022-04-07,2022-04-08,2022-04-21,13,8,17698.15,17784.35,17392.6,17842.75,16824.7,4.935261595138479,down,0.8170345488087655,4.935261595138479,-1.7264516347754024,1018.0499999999993
2022-04-21,2022-04-22,2022-04-28,6,5,17242.75,17171.95,17245.05,17322.5,16888.7,2.0533267605225345,down,0.46251323019819923,2.0533267605225345,0.013338939554301214,433.7999999999993
2022-04-28,2022-04-29,2022-05-05,6,4,17329.25,17102.55,16682.65,17377.65,16623.95,4.069997258969657,down,0.2792965650561995,4.069997258969657,-3.731263614986214,753.7000000000007
2022-05-05,2022-05-06,2022-05-12,6,5,16415.55,16411.25,15808.0,16484.2,15735.75,4.141195390955523,down,0.41820103499426736,4.141195390955523,-3.7010639302368746,748.4500000000007
2022-05-12,2022-05-13,2022-05-19,6,5,15977.0,15782.15,15809.4,16399.8,15739.65,2.6463040620892486,up,2.6463040620892486,1.4855730112036074,-1.0490079489265842,660.1499999999996
2022-05-19,2022-05-20,2022-05-26,6,5,16043.8,16266.15,16170.15,16414.7,15903.7,2.3117964571984286,up,2.3117964571984286,0.8732345205001218,0.7875316321569726,511.0
2022-05-26,2022-05-27,2022-06-02,6,5,16296.6,16352.45,16628.0,16695.5,16221.95,2.447749837389392,up,2.447749837389392,0.4580710086766543,2.033553011057519,473.5499999999993
2022-06-02,2022-06-03,2022-06-09,6,5,16761.65,16584.3,16478.1,16793.85,16243.85,3.089194679521414,down,0.1921051925078801,3.089194679521414,-1.691659234025307,549.9999999999982
2022-06-09,2022-06-10,2022-06-16,6,5,16283.95,16201.8,15360.6,16324.7,15335.1,5.826903177668811,down,0.25024640827317696,5.826903177668811,-5.670307265743264,989.6000000000004
2022-06-16,2022-06-17,2022-06-23,6,5,15272.65,15293.5,15556.65,15707.25,15183.4,2.8456096355249443,up,2.8456096355249443,0.5843779566741856,1.8595332178764,523.8500000000004
2022-06-23,2022-06-24,2022-06-30,6,5,15657.4,15699.25,15780.25,15927.45,15619.45,1.7247435717296682,up,1.7247435717296682,0.242377406210475,0.7846130264284004,308.0
2022-06-30,2022-07-01,2022-07-07,6,5,15703.7,15752.05,16132.9,16150.5,15511.05,2.8451893502805023,up,2.8451893502805023,1.2267809497124975,2.7331138521494864,639.4500000000007
2022-07-07,2022-07-08,2022-07-14,6,5,16273.65,16220.6,15938.65,16275.5,15858.2,2.5528999333277964,down,0.011368070469749343,2.5528999333277964,-2.0585424904677194,417.2999999999993
2022-07-14,2022-07-15,2022-07-21,6,5,16010.8,16049.2,16605.25,16626.95,15927.3,3.8483398705873624,up,3.8483398705873624,0.5215229719939042,3.7128063557099007,699.6500000000015
2022-07-21,2022-07-22,2022-07-28,6,5,16661.25,16719.45,16929.6,16947.65,16438.75,1.7189586615650172,up,1.7189586615650172,1.335434016055218,1.6106234526220935,508.90000000000146
2022-07-28,2022-07-29,2022-08-04,6,5,17079.5,17158.25,17382.0,17490.7,17018.15,2.4075646242571547,up,2.4075646242571547,0.3592025527679297,1.771129131414854,472.5499999999993
2022-08-04,2022-08-05,2022-08-11,6,4,17423.65,17397.5,17659.0,17719.3,17348.75,1.6968316053180463,up,1.6968316053180463,0.42987548533172704,1.350750273335372,370.5499999999993
2022-08-11,2022-08-12,2022-08-18,6,4,17659.65,17698.15,17956.5,17968.45,17597.85,1.7486190269909045,up,1.7486190269909045,0.3499503104535079,1.6809506417171265,370.6000000000022
2022-08-18,2022-08-19,2022-08-25,6,5,17966.55,17758.45,17522.45,17992.2,17345.2,3.4583712510192473,down,0.14276530552611078,3.4583712510192473,-2.471815679693645,647.0
2022-08-25,2022-08-26,2022-09-01,6,4,17619.3,17558.9,17542.8,17777.65,17166.2,2.5716118120470086,down,0.8987303695379623,2.5716118120470086,-0.43418296981151355,611.4500000000007
2022-09-01,2022-09-02,2022-09-08,6,5,17598.4,17539.45,17798.75,17807.65,17476.45,1.1890285480498226,up,1.1890285480498226,0.6929607237021588,1.1384557687062375,331.2000000000007
2022-09-08,2022-09-09,2022-09-15,6,5,17923.35,17833.35,17877.4,18096.15,17771.15,0.9641054825130511,up,0.9641054825130511,0.8491716113338026,-0.2563694844992543,325.0
2022-09-15,2022-09-16,2022-09-22,6,5,17796.8,17530.85,17629.8,17919.3,17429.7,2.062730378495002,down,0.6883259911894274,2.062730378495002,-0.9383709430908928,489.59999999999854
2022-09-22,2022-09-23,2022-09-29,6,5,17593.85,17327.35,16818.1,17642.15,16788.6,4.576883399597018,down,0.2745277469115794,4.576883399597018,-4.409211173222462,853.5500000000029
2022-09-29,2022-09-30,2022-10-06,6,4,16798.05,17094.35,17331.8,17428.8,16747.7,3.7549001223356284,up,3.7549001223356284,0.2997371718741077,3.177452144742991,681.0999999999985
2022-10-06,2022-10-07,2022-10-13,6,5,17287.2,17314.65,17014.35,17337.35,16950.3,1.9488407607941218,down,0.2900990328103904,1.9488407607941218,-1.5783354157989853,387.0499999999993
2022-10-13,2022-10-14,2022-10-20,6,5,17322.3,17185.7,17563.95,17607.6,17098.55,1.6470099236244566,up,1.6470099236244566,1.291687593448907,1.3950226009248279,509.0499999999993
2022-10-20,2022-10-21,2022-10-27,6,4,17622.85,17576.3,17736.95,17811.5,17520.75,1.0704851939385596,up,1.0704851939385596,0.5793614540213334,0.647454866834832,290.75
2022-10-27,2022-10-28,2022-11-03,6,5,17756.4,17786.8,18052.7,18178.75,17723.7,2.378578991236954,up,2.378578991236954,0.18415895113874842,1.6686941046608506,455.0499999999993
2022-11-03,2022-11-04,2022-11-10,6,4,18053.4,18117.15,18028.2,18296.4,17969.4,1.346006846355811,up,1.346006846355811,0.4652863172587988,-0.13958589517764367,327.0
2022-11-10,2022-11-11,2022-11-17,6,5,18272.35,18349.7,18343.9,18442.15,18259.35,0.9292729178239413,up,0.9292729178239413,0.0711457475365785,0.39157524894172296,182.8000000000029
2022-11-17,2022-11-18,2022-11-24,6,5,18382.95,18307.65,18484.1,18529.7,18133.35,1.3577798993088823,down,0.7982940714085606,1.3577798993088823,0.550238128265582,396.3500000000022
2022-11-24,2022-11-25,2022-12-01,6,5,18528.45,18512.75,18812.5,18887.6,18365.6,1.9383704519266198,up,1.9383704519266198,0.8789186359355595,1.5330478264506704,522.0
2022-12-01,2022-12-02,2022-12-08,6,5,18752.4,18696.1,18609.35,18781.95,18528.4,1.1945137689042469,down,0.15757982978178406,1.1945137689042469,-0.7628356903649821,253.54999999999927
2022-12-08,2022-12-09,2022-12-15,6,5,18662.4,18496.6,18414.9,18696.1,18345.7,1.6969950274348462,down,0.1805769890260475,1.6969950274348462,-1.3261959876543208,350.3999999999978
2022-12-15,2022-12-16,2022-12-22,6,5,18319.1,18269.0,18127.35,18473.35,18068.6,1.3674252556075355,down,0.8420173480138217,1.3674252556075355,-1.046721727595788,404.75
2022-12-22,2022-12-23,2022-12-29,6,5,17977.65,17806.8,18191.0,18229.7,17774.25,1.4020186175612455,up,1.4020186175612455,1.1314048276610205,1.1867513273425532,455.4500000000007
2022-12-29,2022-12-30,2023-01-05,6,5,18259.1,18105.3,17992.15,18265.25,17892.6,2.0072183185370585,down,0.03368183535881536,2.0072183185370585,-1.462010723420087,372.65000000000146
2023-01-05,2023-01-06,2023-01-12,6,5,18008.05,17859.45,17858.2,18141.4,17761.65,1.3682769650239635,down,0.7405021643098625,1.3682769650239635,-0.8321278539319835,379.75
2023-01-12,2023-01-13,2023-01-19,6,5,17867.5,17956.6,18107.85,18183.75,17774.25,1.7699734154190567,up,1.7699734154190567,0.5218972995662515,1.3451797957184752,409.5
2023-01-19,2023-01-20,2023-02-02,13,9,18115.6,18027.65,17610.4,18201.25,17353.4,4.207423436154459,down,0.47279692640597865,4.207423436154459,-2.788756651725569,847.8499999999985
2023-02-02,2023-02-03,2023-02-09,6,5,17721.75,17854.05,17893.45,17916.9,17584.2,1.101189216640577,up,1.101189216640577,0.7761648821363537,0.9688659415689801,332.7000000000007
2023-02-09,2023-02-10,2023-02-16,6,5,17847.55,17856.5,18035.85,18134.75,17719.75,1.6091844538886333,up,1.6091844538886333,0.7160646699406881,1.0550467711254445,415.0
2023-02-16,2023-02-17,2023-02-23,6,5,17974.85,17944.2,17511.25,18034.25,17455.4,2.8898711254892095,down,0.3304617284706212,2.8898711254892095,-2.579159214124171,578.8499999999985
2023-02-23,2023-02-24,2023-03-02,6,5,17591.35,17465.8,17321.9,17599.75,17255.2,1.9108823370576893,down,0.04775074113130292,1.9108823370576893,-1.531718714027048,344.5499999999993
2023-03-02,2023-03-03,2023-03-09,6,4,17451.25,17594.35,17589.6,17799.95,17427.7,1.9981376692214066,up,1.9981376692214066,0.13494735334144703,0.7927798868275828,372.25
2023-03-09,2023-03-10,2023-03-16,6,5,17443.8,17412.9,16985.6,17529.9,16850.15,3.4032148958369044,down,0.49358511333540966,3.4032148958369044,-2.626721241931235,679.75
2023-03-16,2023-03-17,2023-03-23,6,5,17111.8,17100.05,17076.9,17207.25,16828.35,1.656459285405397,down,0.5578022183522524,1.656459285405397,-0.2039528278731508,378.90000000000146
2023-03-23,2023-03-24,2023-04-06,13,8,17076.2,16945.05,17599.15,17638.7,16913.75,3.2940583970672628,up,3.2940583970672628,0.9513240650730299,3.0624494911045823,724.9500000000007
2023-04-06,2023-04-10,2023-04-13,3,4,17634.9,17624.05,17828.0,17842.15,17597.95,1.1752263976546506,up,1.1752263976546506,0.20952769791720238,1.0949877799136856,244.20000000000073
2023-04-13,2023-04-17,2023-04-20,3,4,17863.0,17706.85,17624.45,17863.0,17574.05,1.6175894306667455,down,0.0,1.6175894306667455,-1.3354419750321855,288.9500000000007
2023-04-20,2023-04-21,2023-04-27,6,5,17639.75,17624.05,17915.05,17931.6,17553.95,1.6545019062061455,up,1.6545019062061455,0.48640145126772927,1.5606797148485623,377.6499999999978
2023-04-27,2023-04-28,2023-05-04,6,4,17950.4,18065.0,18255.8,18267.45,17885.3,1.7662559051608837,up,1.7662559051608837,0.3626660130136497,1.7013548444602782,382.15000000000146
2023-05-04,2023-05-05,2023-05-11,6,5,18117.3,18069.0,18297.0,18389.7,18055.45,1.5035352949942953,up,1.5035352949942953,0.3413864096747228,0.9918696494510812,334.25
2023-05-11,2023-05-12,2023-05-18,6,5,18273.75,18314.8,18129.95,18458.9,18104.85,1.013201997400651,up,1.013201997400651,0.9242766263082369,-0.7869211300362502,354.0500000000029
2023-05-18,2023-05-19,2023-05-25,6,5,18186.15,18203.4,18321.15,18419.75,18060.4,1.2844939693118034,up,1.2844939693118034,0.6914602595931519,0.7423231415115348,359.34999999999854
2023-05-25,2023-05-26,2023-06-01,6,5,18368.35,18499.35,18487.75,18662.45,18333.15,1.6011236719683706,up,1.6011236719683706,0.19163397909990332,0.6500311677423474,329.2999999999993
2023-06-01,2023-06-02,2023-06-08,6,5,18550.85,18534.1,18634.55,18777.9,18478.4,1.223933135139376,up,1.223933135139376,0.3905481419988685,0.45119226342728624,299.5
2023-06-08,2023-06-09,2023-06-15,6,5,18655.9,18563.4,18688.1,18794.1,18555.4,0.7407844167260603,up,0.7407844167260603,0.5387035736683837,0.17259955295642176,238.6999999999971
2023-06-15,2023-06-16,2023-06-22,6,5,18723.3,18826.0,18771.25,18886.6,18660.65,0.8721753109761596,up,0.8721753109761596,0.3346098177137461,0.25609801690941625,225.9499999999971
2023-06-22,2023-06-23,2023-07-06,13,9,18741.85,18665.5,19497.3,19512.2,18646.7,4.110319952405991,up,4.110319952405991,0.5076873414310638,4.030818729207633,865.5
2023-07-06,2023-07-07,2023-07-13,6,5,19422.8,19331.8,19413.75,19567.0,19303.6,0.7424264266738099,up,0.7424264266738099,0.6137117202463122,-0.04659472372675038,263.40000000000146
2023-07-13,2023-07-14,2023-07-20,6,5,19493.45,19564.5,19979.15,19991.85,19433.5,2.5567562437639197,up,2.5567562437639197,0.30753919906430477,2.4916061548879274,558.3499999999985
2023-07-20,2023-07-21,2023-07-27,6,5,19800.45,19745.0,19659.9,19887.4,19603.55,0.9944218439479983,down,0.4391314338815569,0.9944218439479983,-0.7098323522950198,283.8500000000022
2023-07-27,2023-07-28,2023-08-03,6,5,19659.75,19646.05,19381.65,19795.6,19296.45,1.8479380460077026,down,0.6910057350678342,1.8479380460077026,-1.4145652920306644,499.1499999999978
2023-08-03,2023-08-04,2023-08-10,6,5,19462.8,19517.0,19543.1,19645.5,19436.45,0.9387138541217128,up,0.9387138541217128,0.13538648087633098,0.4125819512094831,209.04999999999927
2023-08-10,2023-08-11,2023-08-17,6,4,19554.25,19428.3,19365.25,19557.75,19257.9,1.5155273150338089,down,0.017898922229182917,1.5155273150338089,-0.9665418003758773,299.84999999999854
2023-08-17,2023-08-18,2023-08-24,6,5,19301.75,19310.15,19386.7,19584.45,19253.6,1.4646340357739622,up,1.4646340357739622,0.24945924592330465,0.44011553356561306,330.8500000000022
2023-08-24,2023-08-25,2023-08-31,6,5,19297.4,19265.8,19253.8,19452.8,19223.65,0.8052898317907998,up,0.8052898317907998,0.38217583715941,-0.22593717288340492,229.14999999999782
2023-08-31,2023-09-01,2023-09-07,6,5,19258.15,19435.3,19727.05,19737.0,19255.7,2.4864797501317546,up,2.4864797501317546,0.012721886577894177,2.4348133128052165,481.2999999999993
2023-09-07,2023-09-08,2023-09-14,6,5,19774.8,19819.95,20103.1,20167.65,19727.05,1.9866193336974443,up,1.9866193336974443,0.24146894026741106,1.6601937819851493,440.6000000000022
2023-09-14,2023-09-15,2023-09-21,6,4,20156.45,20192.35,19742.35,20222.45,19709.95,2.215171818450173,down,0.3274386114618397,2.215171818450173,-2.0544292273689173,512.5
2023-09-21,2023-09-22,2023-09-28,6,5,19744.85,19674.25,19523.55,19798.65,19492.1,1.280080628619615,down,0.2724761140246845,1.280080628619615,-1.1207985879862308,306.5500000000029
2023-09-28,2023-09-29,2023-10-05,6,4,19581.2,19638.3,19545.75,19726.25,19333.6,1.2644781729414039,down,0.7407615467897742,1.2644781729414039,-0.18104099850877745,392.65000000000146
2023-10-05,2023-10-06,2023-10-12,6,5,19621.2,19653.5,19794.0,19843.3,19480.5,1.131938923205505,up,1.131938923205505,0.71708152406581,0.8806800807290037,362.7999999999993
2023-10-12,2023-10-13,2023-10-19,6,5,19654.55,19751.05,19624.7,19849.75,19512.35,0.9931542569023495,up,0.9931542569023495,0.7234965949360364,-0.15187323037158593,337.40000000000146
2023-10-19,2023-10-20,2023-10-26,6,4,19542.15,19542.65,18857.25,19593.8,18837.85,3.604004677069835,down,0.2643004991774079,3.604004677069835,-3.5047320791212915,755.9500000000007
2023-10-26,2023-10-27,2023-11-02,6,5,18928.75,19047.25,19133.25,19233.7,18926.65,1.6110414052697655,up,1.6110414052697655,0.01109423496003986,1.0803671663474872,307.0499999999993
2023-11-02,2023-11-03,2023-11-09,6,5,19241.0,19230.6,19395.3,19464.4,19210.9,1.1610623148485082,up,1.1610623148485082,0.15643677563535444,0.8019333714463867,253.5
2023-11-09,2023-11-10,2023-11-16,6,5,19351.85,19425.35,19765.2,19875.25,19329.45,2.7046509765216324,up,2.7046509765216324,0.11575120724890808,2.1359714962652268,545.7999999999993
2023-11-16,2023-11-17,2023-11-23,6,5,19674.75,19731.8,19802.0,19875.15,19667.45,1.0185644036137764,up,1.0185644036137764,0.03710339394401084,0.6467680656679247,207.70000000000073
2023-11-23,2023-11-24,2023-11-30,6,4,19809.6,19794.7,20133.15,20158.7,19768.85,1.7622768758581808,up,1.7622768758581808,0.20570834342944835,1.6332990065422974,389.8500000000022
2023-11-30,2023-12-01,2023-12-07,6,5,20194.1,20267.9,20901.15,20961.95,20183.7,3.8023482106159827,up,3.8023482106159827,0.05150019064973343,3.5012701729713283,778.25
2023-12-07,2023-12-08,2023-12-14,6,5,20934.1,20969.4,21182.7,21210.9,20769.5,1.322244567476046,up,1.322244567476046,0.7862769357173156,1.187536125269308,441.40000000000146
2023-12-14,2023-12-15,2023-12-21,6,5,21287.45,21456.65,21255.05,21593.0,20976.8,1.4593105327317337,down,1.4353527547921394,1.4593105327317337,-0.15220235396912948,616.2000000000007
2023-12-21,2023-12-22,2023-12-28,6,4,21295.85,21349.4,21778.7,21801.45,21232.45,2.374171493506961,up,2.374171493506961,0.29771058680446105,2.2673431678003095,569.0
2023-12-28,2023-12-29,2024-01-04,6,5,21737.65,21731.4,21658.6,21834.35,21500.35,1.0916543416606803,down,0.4448502943050287,1.0916543416606803,-0.3636547648895023,334.0
2024-01-04,2024-01-05,2024-01-11,6,5,21705.75,21710.8,21647.2,21763.95,21448.65,1.1844787671469474,down,0.2681317162503057,1.1844787671469474,-0.2697441922071307,315.2999999999993
2024-01-11,2024-01-12,2024-01-18,6,5,21773.55,21894.55,21462.25,22124.15,21285.55,2.2412514266162384,down,1.6102105536304472,2.2412514266162384,-1.4297163301344946,838.6000000000022
2024-01-18,2024-01-19,2024-01-25,6,5,21615.2,21622.4,21352.6,21750.25,21137.2,2.2114067878159815,down,0.6247918131685076,2.2114067878159815,-1.2148858210888733,613.0499999999993
2024-01-25,2024-01-29,2024-02-01,3,4,21433.1,21737.6,21697.45,21832.95,21429.6,1.8655724090309018,up,1.8655724090309018,0.01632988228487713,1.2333726805735157,403.3500000000022
2024-02-01,2024-02-02,2024-02-08,6,5,21812.75,21853.8,21717.95,22126.8,21665.3,1.4397542721573358,up,1.4397542721573358,0.6759807910511088,-0.4346081993329556,461.5
2024-02-08,2024-02-09,2024-02-15,6,5,21727.0,21782.5,21910.75,21953.85,21530.2,1.0440926036728426,up,1.0440926036728426,0.9057854282689707,0.8457219128273576,423.6499999999978
2024-02-15,2024-02-16,2024-02-22,6,5,22020.3,22040.7,22217.45,22252.5,21875.25,1.0544815465729382,up,1.0544815465729382,0.6587103717932965,0.8953102364636334,377.25
2024-02-22,2024-02-23,2024-02-29,6,5,22290.0,22212.7,21982.8,22297.5,21860.65,1.9262000897263283,down,0.033647375504710635,1.9262000897263283,-1.3781965006729509,436.84999999999854
2024-02-29,2024-03-01,2024-03-07,6,6,22048.3,22338.75,22493.55,22525.65,22047.75,2.1650195253148867,up,2.1650195253148867,0.0024945233872873305,2.01943006943846,477.90000000000146
2024-03-07,2024-03-11,2024-03-14,3,4,22517.5,22332.65,22146.65,22526.6,21905.65,2.717219940046624,down,0.040413012101692215,2.717219940046624,-1.6469412679027358,620.9499999999971
2024-03-14,2024-03-15,2024-03-21,6,5,22064.85,22023.35,22011.95,22123.7,21710.2,1.60730755024393,down,0.2667138004563919,1.60730755024393,-0.23974783422501317,413.5
2024-03-21,2024-03-22,2024-03-28,6,4,21932.2,22096.75,22326.9,22516.0,21883.3,2.6618396695269935,up,2.6618396695269935,0.22295984898916413,1.799637063313305,632.7000000000007
2024-03-28,2024-04-01,2024-04-04,3,4,22455.0,22462.0,22514.65,22619.0,22303.8,0.7303495880650189,up,0.7303495880650189,0.6733466933867769,0.26564239590292343,315.2000000000007
2024-04-04,2024-04-05,2024-04-18,13,8,22486.4,22513.7,21995.85,22775.7,21961.7,2.333410416963145,down,1.2865554290593393,2.333410416963145,-2.1815408424647917,814.0
2024-04-18,2024-04-19,2024-04-25,6,5,21861.5,22147.0,22570.35,22625.95,21777.65,3.4967865882944933,up,3.4967865882944933,0.3835509914690142,3.2424582027765636,848.2999999999993
2024-04-25,2024-04-26,2024-05-02,6,4,22620.4,22419.95,22648.2,22783.35,22385.55,1.0382221357712602,down,0.7203674559247276,1.0382221357712602,0.12289791515622743,397.7999999999993
2024-05-02,2024-05-03,2024-05-09,6,5,22766.35,22475.85,21957.5,22794.7,21932.4,3.663081697329599,down,0.1245258901844265,3.663081697329599,-3.5528312619282345,862.2999999999993
2024-05-09,2024-05-10,2024-05-16,6,5,21990.95,22055.2,22403.85,22432.25,21821.05,2.006734588546649,up,2.006734588546649,0.7725905429278929,1.877590554296189,611.2000000000007
2024-05-16,2024-05-17,2024-05-23,6,5,22415.25,22466.1,22967.65,22993.6,22345.65,2.5801630586319515,up,2.5801630586319515,0.31050289423494515,2.464393660565916,647.9499999999971
2024-05-23,2024-05-24,2024-05-30,6,5,22930.75,22957.1,22488.65,23110.8,22417.0,2.2404413287834024,down,0.7851901922091483,2.2404413287834024,-1.9279788057520952,693.7999999999993
2024-05-30,2024-05-31,2024-06-06,6,5,22568.1,22530.7,22821.4,23338.7,21281.45,5.70118884620326,down,3.4145541715962007,5.70118884620326,1.1223807055091164,2057.25
2024-06-06,2024-06-07,2024-06-13,6,5,22821.85,23290.15,23398.9,23481.05,22789.05,2.888459962711177,up,2.888459962711177,0.14372191562033435,2.528497908802323,692.0
2024-06-13,2024-06-14,2024-06-20,6,4,23464.95,23465.6,23567.0,23664.0,23334.25,0.8482864868665787,up,0.8482864868665787,0.5570009737928303,0.4349039737992165,329.75
2024-06-20,2024-06-21,2024-06-27,6,5,23661.15,23501.1,24044.5,24087.45,23350.0,1.8016875764702869,up,1.8016875764702869,1.3150248402972866,1.6201663908981538,737.4500000000007
2024-06-27,2024-06-28,2024-07-04,6,5,24085.9,24010.6,24302.15,24401.0,23985.8,1.3082342781461291,up,1.3082342781461291,0.4155958465326277,0.897828189936851,415.2000000000007
2024-07-04,2024-07-05,2024-07-11,6,5,24213.35,24323.85,24315.95,24461.05,24141.8,1.0229893839555482,up,1.0229893839555482,0.29549814461856483,0.4237331885096536,319.25
2024-07-11,2024-07-12,2024-07-18,6,4,24387.95,24502.15,24800.85,24837.75,24331.15,1.8443534614430455,up,1.8443534614430455,0.23290190442410813,1.6930492312801928,506.59999999999854
2024-07-18,2024-07-19,2024-07-25,6,5,24853.8,24530.9,24406.1,24854.8,24074.2,3.136743677023226,down,0.004023529601107276,3.136743677023226,-1.8013342024157302,780.5999999999985
2024-07-25,2024-07-26,2024-08-01,6,5,24423.35,24834.85,25010.9,25078.3,24410.9,2.681655055510406,up,2.681655055510406,0.0509758079870169,2.405689637170998,667.3999999999978
2024-08-01,2024-08-02,2024-08-08,6,5,24789.0,24717.7,24117.0,24851.9,23893.7,3.6116826011537344,down,0.25374157892614246,3.6116826011537344,-2.710879825729154,958.2000000000007
2024-08-08,2024-08-09,2024-08-22,13,9,24386.85,24367.5,24811.5,24867.35,24099.7,1.9703241706083403,up,1.9703241706083403,1.1774788461814372,1.741307302911206,767.6499999999978
2024-08-22,2024-08-23,2024-08-29,6,5,24845.4,24823.15,25151.95,25192.9,24771.65,1.398649246943096,up,1.398649246943096,0.2968356315454772,1.233830004749367,421.25
2024-08-29,2024-08-30,2024-09-05,6,5,25249.7,25235.9,25145.1,25333.65,25083.8,0.6570375093565526,down,0.33247919777264967,0.6570375093565526,-0.41426234767146614,249.85000000000218
2024-09-05,2024-09-06,2024-09-12,6,5,25093.7,24852.15,25388.9,25433.35,24753.15,1.357113538457857,down,1.3535269808756694,1.357113538457857,1.176390886955693,680.1999999999971
2024-09-12,2024-09-13,2024-09-19,6,5,25430.45,25356.5,25415.8,25611.95,25285.55,0.7137113185177612,up,0.7137113185177612,0.5697893666844333,-0.05760810367099856,326.40000000000146
2024-09-19,2024-09-20,2024-09-26,6,5,25525.95,25790.95,26216.05,26250.9,25426.6,2.840051006916494,up,2.840051006916494,0.38921176293145676,2.703523277292318,824.3000000000029
2024-09-26,2024-09-27,2024-10-03,6,4,26248.25,26178.95,25250.1,26277.35,25230.3,3.878163306125173,down,0.11086453382605904,3.878163306125173,-3.802729705789915,1047.0499999999993
2024-10-03,2024-10-04,2024-10-10,6,5,25181.9,25014.6,24998.45,25485.05,24694.35,1.9361128429546732,down,1.2038408539466752,1.9361128429546732,-0.7284994380884712,790.7000000000007
2024-10-10,2024-10-11,2024-10-17,6,5,24985.3,24964.25,24749.85,25212.05,24728.9,1.0262034076036624,down,0.9075336297743073,1.0262034076036624,-0.9423541042132803,483.1499999999978
2024-10-17,2024-10-18,2024-10-24,6,5,24664.95,24854.05,24399.4,24978.3,24341.2,1.3125913492628203,down,1.2704262526378467,1.3125913492628203,-1.0766289816115553,637.0999999999985
2024-10-24,2024-10-25,2024-10-31,6,5,24418.05,24180.8,24205.35,24498.2,24073.9,1.4094082041768194,down,0.3282407890884057,1.4094082041768194,-0.8710769287473845,424.2999999999993
2024-10-31,2024-11-01,2024-11-07,6,5,24302.75,24304.35,24199.35,24537.6,23816.15,2.0022425445679954,down,0.9663515445782824,2.0022425445679954,-0.42546625381901826,721.4499999999971
2024-11-07,2024-11-08,2024-11-14,6,5,24207.7,24148.2,23532.7,24336.8,23484.15,2.9889250114632917,down,0.5333013875750218,2.9889250114632917,-2.788368990032097,852.6499999999978
2024-11-14,2024-11-18,2024-11-21,3,3,23605.3,23453.8,23349.9,23780.65,23263.15,1.449462620682634,down,0.7428416499684486,1.449462620682634,-1.0819604071966797,517.5
2024-11-21,2024-11-22,2024-11-28,6,5,23411.8,23907.25,23914.15,24354.55,23359.0,4.026815537464014,up,4.026815537464014,0.22552729820004988,2.145712845659036,995.5499999999993
2024-11-28,2024-11-29,2024-12-05,6,5,23927.15,24131.1,24708.4,24857.75,23927.15,3.889305663231929,up,3.889305663231929,0.0,3.265119330969213,930.5999999999985
2024-12-05,2024-12-06,2024-12-12,6,5,24729.45,24677.8,24548.7,24751.05,24510.65,0.8847750354334579,down,0.087345250298727,0.8847750354334579,-0.7309099070137023,240.39999999999782
2024-12-12,2024-12-13,2024-12-19,6,5,24498.35,24768.3,23951.7,24792.3,23870.3,2.5636420411986904,down,1.1998767263917804,2.5636420411986904,-2.2313747660556644,922.0
2024-12-19,2024-12-20,2024-12-26,6,4,23960.7,23587.5,23750.2,24065.8,23537.35,1.7668515527509723,down,0.43863493136677373,1.7668515527509723,-0.8785219129658147,528.4500000000007
2024-12-26,2024-12-27,2025-01-02,6,5,23801.4,23813.4,24188.65,24226.7,23460.45,1.7868696799347907,up,1.7868696799347907,1.4324787617535133,1.6270051341517724,766.25
2025-01-02,2025-01-03,2025-01-09,6,5,24196.4,24004.75,23526.5,24196.45,23496.15,2.8940255575209535,down,0.00020664231042333734,2.8940255575209535,-2.7685936750921685,700.2999999999993
2025-01-09,2025-01-10,2025-01-16,6,5,23551.9,23431.5,23311.8,23596.6,23047.25,2.1427146005205584,down,0.1897936047622361,2.1427146005205584,-1.019450660031684,549.3499999999985
2025-01-16,2025-01-17,2025-01-23,6,5,23277.1,23203.2,23205.35,23426.3,22976.85,1.2898943596925734,down,0.6409733171228407,1.2898943596925734,-0.308242865305386,449.4500000000007
2025-01-23,2025-01-24,2025-01-30,6,5,23183.9,23092.2,23249.5,23347.3,22786.9,1.7123952398000335,down,0.7047994513433797,1.7123952398000335,0.2829549816898733,560.3999999999978
2025-01-30,2025-01-31,2025-02-06,6,6,23296.75,23508.4,23603.35,23807.3,23222.0,2.19150739910073,up,2.19150739910073,0.3208602058227006,1.3160633994011979,585.2999999999993
2025-02-06,2025-02-07,2025-02-13,6,5,23649.5,23559.95,23031.4,23694.5,22798.35,3.5990190067443346,down,0.1902788642466014,3.5990190067443346,-2.6135859109072013,896.1500000000015
2025-02-13,2025-02-14,2025-02-20,6,5,23096.45,22929.25,22913.15,23133.7,22725.45,1.6063074628351974,down,0.16128019674019167,1.6063074628351974,-0.7936284580530744,408.25
2025-02-20,2025-02-21,2025-02-27,6,4,22857.2,22795.9,22545.05,22921.0,22508.4,1.5259961850095343,down,0.27912430218924134,1.5259961850095343,-1.3656528358679167,412.59999999999854
2025-02-27,2025-02-28,2025-03-06,6,5,22433.4,22124.7,22544.7,22556.45,21964.6,2.0897411894764186,down,0.5485124858469927,2.0897411894764186,0.49613522693840106,591.8500000000022
2025-03-06,2025-03-07,2025-03-13,6,5,22508.65,22552.5,22397.2,22676.75,22314.7,0.8616687362414037,down,0.7468239987737982,0.8616687362414037,-0.495142978366098,362.0499999999993
2025-03-13,2025-03-17,2025-03-20,3,4,22353.15,22508.75,23190.65,23216.7,22353.15,3.863213909449,up,3.863213909449,0.0,3.7466755244786527,863.5499999999993
2025-03-20,2025-03-21,2025-03-27,6,5,23168.25,23350.4,23591.95,23869.6,23132.8,3.027203176761294,up,3.027203176761294,0.1530111251389325,1.828795873663314,736.7999999999993
2025-03-27,2025-03-28,2025-04-03,6,4,23600.4,23519.35,23250.1,23649.2,23136.4,1.9660683717225131,down,0.20677615633633017,1.9660683717225131,-1.4842968763241422,512.7999999999993
2025-04-03,2025-04-04,2025-04-17,13,8,23190.4,22904.45,23851.65,23872.35,21743.65,6.238572857734234,down,2.9406564785428326,6.238572857734234,2.8513954049951704,2128.699999999997
2025-04-17,2025-04-21,2025-04-24,3,4,23949.15,24125.55,24246.7,24359.3,23903.65,1.7125868767784986,up,1.7125868767784986,0.1899858658866807,1.2424240526281696,455.6499999999978
2025-04-24,2025-04-25,2025-05-08,13,9,24289.0,24039.35,24273.8,24589.15,23847.85,1.8162542714809233,down,1.2357445757338774,1.8162542714809233,-0.0625797686195427,741.3000000000029
2025-05-08,2025-05-09,2025-05-15,6,5,23935.75,24008.0,25062.1,25116.25,23935.75,4.931953249845942,up,4.931953249845942,0.0,4.70572261157473,1180.5
2025-05-15,2025-05-16,2025-05-22,6,5,25064.65,25019.8,24609.7,25070.0,24462.4,2.4027863943841226,down,0.021344802341139987,2.4027863943841226,-1.8151061355335132,607.5999999999985
2025-05-22,2025-05-23,2025-05-29,6,5,24639.5,24853.15,24833.6,25079.2,24614.05,1.7845329653605013,up,1.7845329653605013,0.10328943363299063,0.7877594918728,465.15000000000146
